[{"pk": 1, "model": "entrevista.entrevistafile", "fields": {"record": "xls/PV2.xlsx", "fecha_registro": "2015-05-08"}}, {"pk": 2, "model": "entrevista.entrevistafile", "fields": {"record": "xls/PV2_NUMERICO.xlsx", "fecha_registro": "2015-05-08"}}, {"pk": 3, "model": "entrevista.entrevistafile", "fields": {"record": "xls/PV2_NUMERICO_1.xlsx", "fecha_registro": "2015-05-08"}}, {"pk": 4, "model": "entrevista.entrevistafile", "fields": {"record": "xls/PV2_NUMERICO_2.xlsx", "fecha_registro": "2015-05-08"}}, {"pk": 5, "model": "entrevista.entrevistafile", "fields": {"record": "xls/PV2_NUMERICO_3.xlsx", "fecha_registro": "2015-05-08"}}, {"pk": 6, "model": "entrevista.entrevistafile", "fields": {"record": "xls/PV2_NUMERICO_4.xlsx", "fecha_registro": "2015-05-08"}}, {"pk": 7, "model": "entrevista.entrevistafile", "fields": {"record": "xls/PV2_NUMERICO_5.xlsx", "fecha_registro": "2015-05-08"}}, {"pk": 8, "model": "entrevista.entrevistafile", "fields": {"record": "xls/PV2_NUMERICO_6.xlsx", "fecha_registro": "2015-05-11"}}, {"pk": 9, "model": "entrevista.entrevistafile", "fields": {"record": "xls/PV2_NUMERICO_7.xlsx", "fecha_registro": "2015-05-11"}}, {"pk": 10, "model": "entrevista.entrevistafile", "fields": {"record": "xls/PV2_NUMERICO_8.xlsx", "fecha_registro": "2015-05-11"}}, {"pk": 11, "model": "entrevista.entrevistafile", "fields": {"record": "xls/PV2_NUMERICO_9.xlsx", "fecha_registro": "2015-05-11"}}, {"pk": 12, "model": "entrevista.entrevistafile", "fields": {"record": "xls/PV2_NUMERICO_10.xlsx", "fecha_registro": "2015-05-11"}}, {"pk": 13, "model": "entrevista.entrevistafile", "fields": {"record": "xls/PV2_NUMERICO_11.xlsx", "fecha_registro": "2015-05-11"}}, {"pk": 14, "model": "entrevista.entrevistafile", "fields": {"record": "xls/PV2_NUMERICO_12.xlsx", "fecha_registro": "2015-05-11"}}, {"pk": 15, "model": "entrevista.entrevistafile", "fields": {"record": "xls/PV2_NUMERICO_13.xlsx", "fecha_registro": "2015-05-11"}}, {"pk": 16, "model": "entrevista.entrevistafile", "fields": {"record": "xls/PV2_NUMERICO_14.xlsx", "fecha_registro": "2015-05-11"}}, {"pk": 17, "model": "entrevista.entrevistafile", "fields": {"record": "xls/PV2_1.xlsx", "fecha_registro": "2015-05-12"}}, {"pk": 18, "model": "entrevista.entrevistafile", "fields": {"record": "xls/PV2_2.xlsx", "fecha_registro": "2015-06-23"}}, {"pk": 19, "model": "entrevista.entrevistafile", "fields": {"record": "xls/PV2_NUMERICO_15.xlsx", "fecha_registro": "2015-06-23"}}, {"pk": 20, "model": "entrevista.entrevistafile", "fields": {"record": "xls/PV2_3.xlsx", "fecha_registro": "2015-07-15"}}, {"pk": 21, "model": "entrevista.entrevistafile", "fields": {"record": "xls/PV2_4.xlsx", "fecha_registro": "2015-07-15"}}, {"pk": 22, "model": "entrevista.entrevistafile", "fields": {"record": "xls/PV2_5.xlsx", "fecha_registro": "2015-07-15"}}, {"pk": 23, "model": "entrevista.entrevistafile", "fields": {"record": "xls/PV2_6.xlsx", "fecha_registro": "2015-07-21"}}, {"pk": 24, "model": "entrevista.entrevistafile", "fields": {"record": "xls/PV2_7.xlsx", "fecha_registro": "2015-07-21"}}, {"pk": 25, "model": "entrevista.entrevistafile", "fields": {"record": "xls/PV2_8.xlsx", "fecha_registro": "2015-07-21"}}, {"pk": 26, "model": "entrevista.entrevistafile", "fields": {"record": "xls/PV2_9.xlsx", "fecha_registro": "2015-07-21"}}, {"pk": 27, "model": "entrevista.entrevistafile", "fields": {"record": "xls/PV2_10.xlsx", "fecha_registro": "2015-07-21"}}, {"pk": 28, "model": "entrevista.entrevistafile", "fields": {"record": "xls/PV2_17.xlsx", "fecha_registro": "2015-07-21"}}, {"pk": 29, "model": "entrevista.entrevistafile", "fields": {"record": "xls/PV2_19.xlsx", "fecha_registro": "2015-07-21"}}, {"pk": 30, "model": "entrevista.entrevistafile", "fields": {"record": "xls/PV2_20.xlsx", "fecha_registro": "2015-07-21"}}, {"pk": 31, "model": "entrevista.entrevistafile", "fields": {"record": "xls/PV2_21.xlsx", "fecha_registro": "2015-07-21"}}, {"pk": 32, "model": "entrevista.entrevistafile", "fields": {"record": "xls/PV2_22.xlsx", "fecha_registro": "2015-07-21"}}, {"pk": 33, "model": "entrevista.entrevistafile", "fields": {"record": "xls/PV2_23.xlsx", "fecha_registro": "2015-07-21"}}, {"pk": 34, "model": "entrevista.entrevistafile", "fields": {"record": "xls/PV2_24.xlsx", "fecha_registro": "2015-07-21"}}, {"pk": 35, "model": "entrevista.entrevistafile", "fields": {"record": "xls/PV2.2.xlsx", "fecha_registro": "2015-07-21"}}, {"pk": 36, "model": "entrevista.entrevistafile", "fields": {"record": "xls/PV2.2_1.xlsx", "fecha_registro": "2015-07-21"}}, {"pk": 37, "model": "entrevista.entrevistafile", "fields": {"record": "xls/PV2.2_3.xlsx", "fecha_registro": "2015-07-21"}}, {"pk": 38, "model": "entrevista.entrevistafile", "fields": {"record": "xls/PV2.2_4.xlsx", "fecha_registro": "2015-07-21"}}, {"pk": 39, "model": "entrevista.entrevistafile", "fields": {"record": "xls/PV2.2_5.xlsx", "fecha_registro": "2015-07-21"}}, {"pk": 40, "model": "entrevista.entrevistafile", "fields": {"record": "xls/PV2.2_7.xlsx", "fecha_registro": "2015-07-21"}}, {"pk": 41, "model": "entrevista.entrevistafile", "fields": {"record": "xls/PV2.2_8.xlsx", "fecha_registro": "2015-07-21"}}, {"pk": 42, "model": "entrevista.entrevistafile", "fields": {"record": "xls/PV2.2_10.xlsx", "fecha_registro": "2015-07-21"}}, {"pk": 43, "model": "entrevista.entrevistafile", "fields": {"record": "xls/PV2s.xlsx", "fecha_registro": "2015-07-21"}}, {"pk": 44, "model": "entrevista.entrevistafile", "fields": {"record": "xls/FORMATO_ESC_CON_PUNTOS_5.xlsx", "fecha_registro": "2015-07-21"}}, {"pk": 45, "model": "entrevista.entrevistafile", "fields": {"record": "xls/FORMATO_ESC_CON_PUNTOS_6.xlsx", "fecha_registro": "2015-07-21"}}, {"pk": 46, "model": "entrevista.entrevistafile", "fields": {"record": "xls/FORMATO_ESC_CON_PUNTOS_7.xlsx", "fecha_registro": "2015-07-21"}}, {"pk": 47, "model": "entrevista.entrevistafile", "fields": {"record": "xls/FORMATO_ESC_EN_BLANCO_5.xlsx", "fecha_registro": "2015-07-21"}}, {"pk": 48, "model": "entrevista.entrevistafile", "fields": {"record": "xls/FORMATO_ESC_EN_BLANCO_6.xlsx", "fecha_registro": "2015-07-21"}}, {"pk": 49, "model": "entrevista.entrevistafile", "fields": {"record": "xls/FORMATO_ESC_EN_BLANCO_7.xlsx", "fecha_registro": "2015-07-21"}}, {"pk": 50, "model": "entrevista.entrevistafile", "fields": {"record": "xls/FORMATO_ESC_EN_BLANCO_8.xlsx", "fecha_registro": "2015-07-21"}}, {"pk": 51, "model": "entrevista.entrevistafile", "fields": {"record": "xls/FORMATO_ESC_EN_BLANCO_9.xlsx", "fecha_registro": "2015-07-21"}}, {"pk": 52, "model": "entrevista.entrevistafile", "fields": {"record": "xls/FORMATO_ESC_EN_BLANCO_11.xlsx", "fecha_registro": "2015-07-21"}}, {"pk": 53, "model": "entrevista.entrevistafile", "fields": {"record": "xls/FORMATO_ESC_EN_BLANCO_12.xlsx", "fecha_registro": "2015-07-21"}}, {"pk": 54, "model": "entrevista.entrevistafile", "fields": {"record": "xls/FORMATO_ESC_EN_BLANCO_13.xlsx", "fecha_registro": "2015-07-21"}}, {"pk": 55, "model": "entrevista.entrevistafile", "fields": {"record": "xls/FORMATO_ESC_CON_PUNTOS_8.xlsx", "fecha_registro": "2015-07-21"}}, {"pk": 56, "model": "entrevista.entrevistafile", "fields": {"record": "xls/FORMATO_ESC_LLENO.xlsx", "fecha_registro": "2015-07-22"}}, {"pk": 57, "model": "entrevista.entrevistafile", "fields": {"record": "xls/FORMATO_ESC_LLENO_1.xlsx", "fecha_registro": "2015-07-22"}}, {"pk": 58, "model": "entrevista.entrevistafile", "fields": {"record": "xls/FORMATO_ESC_LLENO_2.xlsx", "fecha_registro": "2015-07-22"}}, {"pk": 59, "model": "entrevista.entrevistafile", "fields": {"record": "xls/FORMATO_ESC_MINUSCULAS_1.xlsx", "fecha_registro": "2015-07-22"}}, {"pk": 60, "model": "entrevista.entrevistafile", "fields": {"record": "xls/FORMATO_ESC_LLENO_3.xlsx", "fecha_registro": "2015-07-22"}}, {"pk": 14, "model": "entrevista.entrevistapersona", "fields": {"edad": "", "pasaporte": "*", "fecha_matrimonio": "*", "curp": "*", "smn": "*", "tiempo_radicando": "*", "dependientes_economicos": "madressssss", "medio_utilizado": "*", "investigacion": 1, "religion": "*", "rfc": "*", "ife": "*", "nombre": "*", "estado_civil": "solterito", "nss": "*", "activa": true, "fecha_registro": "2015-05-11"}}, {"pk": 16, "model": "entrevista.entrevistapersona", "fields": {"edad": "*", "pasaporte": "*", "fecha_matrimonio": "*", "curp": "*", "smn": "*", "tiempo_radicando": "*", "dependientes_economicos": "*", "medio_utilizado": "*", "investigacion": 2, "religion": "*", "rfc": "*", "ife": "*", "nombre": "*", "estado_civil": "soltero", "nss": "*", "activa": true, "fecha_registro": "2015-05-11"}}, {"pk": 20, "model": "entrevista.entrevistapersona", "fields": {"edad": "34", "pasaporte": "BBBBBBBBB", "fecha_matrimonio": "***", "curp": "VACJ830713-13458", "smn": "B1234", "tiempo_radicando": "23 A\u00d1OS", "dependientes_economicos": "ESPOSA Y DOS HIJOS", "medio_utilizado": "CARRO PROPIO", "investigacion": 10, "religion": "CATOLICA", "rfc": "VACJ830713", "ife": "A123", "nombre": "GABRIEL HERNEN", "estado_civil": "SOLTERO", "nss": "78963", "activa": true, "fecha_registro": "2015-07-15"}}, {"pk": 21, "model": "entrevista.entrevistapersona", "fields": {"edad": "34", "pasaporte": "BBBBBBBBB", "fecha_matrimonio": "***", "curp": "VACJ830713-13458", "smn": "B1234", "tiempo_radicando": "23 A\u00d1OS", "dependientes_economicos": "ESPOSA Y DOS HIJOS", "medio_utilizado": "CARRO PROPIO", "investigacion": 9, "religion": "CATOLICA", "rfc": "VACJ830713", "ife": "A123", "nombre": "GABRIEL HERNEN", "estado_civil": "SOLTERO", "nss": "78963", "activa": true, "fecha_registro": "2015-07-15"}}, {"pk": 22, "model": "entrevista.entrevistapersona", "fields": {"edad": "34", "pasaporte": "BBBBBBBBB", "fecha_matrimonio": "***", "curp": "VACJ830713-13458", "smn": "B1234", "tiempo_radicando": "23 A\u00d1OS", "dependientes_economicos": "ESPOSA Y DOS HIJOS", "medio_utilizado": "CARRO PROPIO", "investigacion": 3, "religion": "CATOLICA", "rfc": "VACJ830713", "ife": "A123", "nombre": "GABRIEL HERNEN", "estado_civil": "POR DEFINIR", "nss": "78963", "activa": true, "fecha_registro": "2015-07-15"}}, {"pk": 60, "model": "entrevista.entrevistapersona", "fields": {"edad": "", "pasaporte": "12525A152", "fecha_matrimonio": "05/06/2009", "curp": "vacJ80713Z1ssd", "smn": "B-2586522", "tiempo_radicando": "20 a\u00f1os", "dependientes_economicos": "Esposa y dos hijos", "medio_utilizado": "auto propio", "investigacion": 23, "religion": "***", "rfc": "vacJ8307", "ife": "58985635", "nombre": "Juan Carlos Vargas", "estado_civil": "casado", "nss": "255455555", "activa": true, "fecha_registro": "2015-07-24"}}, {"pk": 14, "model": "entrevista.entrevistainvestigacion", "fields": {"agente": 1, "persona": 14, "resultado": "1", "fecha_registro": null, "puesto": "*", "conclusiones": "**", "empresa_contratante": "**", "presupuesto": null, "archivo": 14, "fecha_recibido": "***", "folio": null}}, {"pk": 16, "model": "entrevista.entrevistainvestigacion", "fields": {"agente": 1, "persona": 16, "resultado": "1", "fecha_registro": null, "puesto": "*", "conclusiones": "cacatuas\r\npericos\r\nloros", "empresa_contratante": "**", "presupuesto": null, "archivo": 16, "fecha_recibido": "***", "folio": null}}, {"pk": 20, "model": "entrevista.entrevistainvestigacion", "fields": {"agente": 1, "persona": 20, "resultado": "2", "fecha_registro": null, "puesto": "PILOTO", "conclusiones": "BUENA 36982", "empresa_contratante": "INTERJET", "presupuesto": null, "archivo": 20, "fecha_recibido": "25 de enero del 2011", "folio": null}}, {"pk": 21, "model": "entrevista.entrevistainvestigacion", "fields": {"agente": 1, "persona": 21, "resultado": "2", "fecha_registro": null, "puesto": "PILOTO", "conclusiones": "BUENA 36982", "empresa_contratante": "INTERJET", "presupuesto": null, "archivo": 21, "fecha_recibido": "25 de enero del 2011", "folio": null}}, {"pk": 22, "model": "entrevista.entrevistainvestigacion", "fields": {"agente": 1, "persona": 22, "resultado": "2", "fecha_registro": null, "puesto": "PILOTO", "conclusiones": "BUENA 36982", "empresa_contratante": "INTERJET", "presupuesto": null, "archivo": 22, "fecha_recibido": "25 de enero del 2011", "folio": null}}, {"pk": 60, "model": "entrevista.entrevistainvestigacion", "fields": {"agente": 34, "persona": 60, "resultado": "1", "fecha_registro": null, "puesto": "***", "conclusiones": "aaaaaaaaaaaaavvvvvvvvvvvvvvbbbbbbbbbbbbb\r\nSE REALIZO LA ENTREVISTA AL CANDIDATO JUAN CARLOS VARGAS CORDERO, EN EL DOMICILIO PERLAS 740, PLAYAS DE TIJUANA, EN TIJUANA B.C.\r\nDURANTE LA ENTREVISTA EL CANDIDATO SE MOSTRO MUY INTEREZADO EN EL PROCESO,\r\nACTUALMENTE ES CASADO DESDE EL 2009 Y TIENE DOS HIJOS DE 4 Y UN A\u00d1O DE EDAD, LA CASA DONDE ES HIPOTECADA Y ACTUALMENTE ESTA AL CORRIENTE CON SUS PAGOS.\r\nSU ESTADO FINANCIERO MUESTA UNA ESTABILIDAD ECONOMICA.", "empresa_contratante": "INTERJET", "presupuesto": null, "archivo": 60, "fecha_recibido": "18/06/2015", "folio": null}}, {"pk": 1, "model": "entrevista.entrevistacita", "fields": {"entrevistador": "CARLITOS ESTRADA", "observaciones": "BYENA", "hora_entrevista": "02:00:00", "investigacion": 1, "fecha_entrevista": "2009-02-25", "autorizada": 2}}, {"pk": 2, "model": "entrevista.entrevistacita", "fields": {"entrevistador": "", "observaciones": "asdf\r\nadsf", "hora_entrevista": null, "investigacion": 2, "fecha_entrevista": null, "autorizada": 1}}, {"pk": 3, "model": "entrevista.entrevistacita", "fields": {"entrevistador": "", "observaciones": "", "hora_entrevista": null, "investigacion": 3, "fecha_entrevista": null, "autorizada": 1}}, {"pk": 4, "model": "entrevista.entrevistacita", "fields": {"entrevistador": null, "observaciones": null, "hora_entrevista": null, "investigacion": 4, "fecha_entrevista": null, "autorizada": 0}}, {"pk": 5, "model": "entrevista.entrevistacita", "fields": {"entrevistador": "", "observaciones": "", "hora_entrevista": null, "investigacion": 5, "fecha_entrevista": null, "autorizada": 0}}, {"pk": 6, "model": "entrevista.entrevistacita", "fields": {"entrevistador": "REDES SOCIALES", "observaciones": "", "hora_entrevista": null, "investigacion": 6, "fecha_entrevista": null, "autorizada": null}}, {"pk": 7, "model": "entrevista.entrevistacita", "fields": {"entrevistador": "juan", "observaciones": "", "hora_entrevista": "00:30:00", "investigacion": 7, "fecha_entrevista": "2015-06-09", "autorizada": 1}}, {"pk": 8, "model": "entrevista.entrevistacita", "fields": {"entrevistador": null, "observaciones": null, "hora_entrevista": null, "investigacion": 8, "fecha_entrevista": null, "autorizada": 0}}, {"pk": 9, "model": "entrevista.entrevistacita", "fields": {"entrevistador": "DSFASDFASDF", "observaciones": "ASDFASDFASDF", "hora_entrevista": null, "investigacion": 9, "fecha_entrevista": null, "autorizada": null}}, {"pk": 10, "model": "entrevista.entrevistacita", "fields": {"entrevistador": "", "observaciones": "", "hora_entrevista": null, "investigacion": 10, "fecha_entrevista": null, "autorizada": null}}, {"pk": 11, "model": "entrevista.entrevistacita", "fields": {"entrevistador": "", "observaciones": "", "hora_entrevista": null, "investigacion": 11, "fecha_entrevista": null, "autorizada": 1}}, {"pk": 12, "model": "entrevista.entrevistacita", "fields": {"entrevistador": "", "observaciones": "", "hora_entrevista": null, "investigacion": 12, "fecha_entrevista": null, "autorizada": 0}}, {"pk": 13, "model": "entrevista.entrevistacita", "fields": {"entrevistador": "", "observaciones": "", "hora_entrevista": null, "investigacion": 13, "fecha_entrevista": null, "autorizada": 0}}, {"pk": 14, "model": "entrevista.entrevistacita", "fields": {"entrevistador": "", "observaciones": "", "hora_entrevista": null, "investigacion": 14, "fecha_entrevista": null, "autorizada": null}}, {"pk": 15, "model": "entrevista.entrevistacita", "fields": {"entrevistador": "", "observaciones": "", "hora_entrevista": null, "investigacion": 15, "fecha_entrevista": null, "autorizada": null}}, {"pk": 16, "model": "entrevista.entrevistacita", "fields": {"entrevistador": "", "observaciones": "", "hora_entrevista": null, "investigacion": 16, "fecha_entrevista": null, "autorizada": null}}, {"pk": 17, "model": "entrevista.entrevistacita", "fields": {"entrevistador": "", "observaciones": "", "hora_entrevista": null, "investigacion": 17, "fecha_entrevista": null, "autorizada": null}}, {"pk": 18, "model": "entrevista.entrevistacita", "fields": {"entrevistador": "", "observaciones": "", "hora_entrevista": null, "investigacion": 18, "fecha_entrevista": null, "autorizada": null}}, {"pk": 19, "model": "entrevista.entrevistacita", "fields": {"entrevistador": "", "observaciones": "", "hora_entrevista": null, "investigacion": 19, "fecha_entrevista": null, "autorizada": null}}, {"pk": 20, "model": "entrevista.entrevistacita", "fields": {"entrevistador": "", "observaciones": "", "hora_entrevista": null, "investigacion": 20, "fecha_entrevista": null, "autorizada": null}}, {"pk": 21, "model": "entrevista.entrevistacita", "fields": {"entrevistador": "", "observaciones": "", "hora_entrevista": null, "investigacion": 21, "fecha_entrevista": null, "autorizada": null}}, {"pk": 22, "model": "entrevista.entrevistacita", "fields": {"entrevistador": null, "observaciones": null, "hora_entrevista": null, "investigacion": 22, "fecha_entrevista": null, "autorizada": 0}}, {"pk": 23, "model": "entrevista.entrevistacita", "fields": {"entrevistador": "Rogelio Castrejon", "observaciones": "solo puede ser entrevistado por la tarde", "hora_entrevista": "21:30:00", "investigacion": 23, "fecha_entrevista": "2015-07-22", "autorizada": 1}}, {"pk": 24, "model": "entrevista.entrevistacita", "fields": {"entrevistador": "", "observaciones": "aa", "hora_entrevista": null, "investigacion": 24, "fecha_entrevista": null, "autorizada": 1}}, {"pk": 25, "model": "entrevista.entrevistacita", "fields": {"entrevistador": "", "observaciones": "", "hora_entrevista": null, "investigacion": 25, "fecha_entrevista": null, "autorizada": null}}, {"pk": 26, "model": "entrevista.entrevistacita", "fields": {"entrevistador": null, "observaciones": null, "hora_entrevista": null, "investigacion": 26, "fecha_entrevista": null, "autorizada": 0}}, {"pk": 27, "model": "entrevista.entrevistacita", "fields": {"entrevistador": null, "observaciones": null, "hora_entrevista": null, "investigacion": 27, "fecha_entrevista": null, "autorizada": 0}}, {"pk": 28, "model": "entrevista.entrevistacita", "fields": {"entrevistador": null, "observaciones": null, "hora_entrevista": null, "investigacion": 28, "fecha_entrevista": null, "autorizada": 0}}, {"pk": 1, "model": "entrevista.entrevistatelefono", "fields": {"categoria": "casa", "parentesco": "", "persona": 14, "numero": "*"}}, {"pk": 2, "model": "entrevista.entrevistatelefono", "fields": {"categoria": "movil", "parentesco": "", "persona": 14, "numero": "*"}}, {"pk": 3, "model": "entrevista.entrevistatelefono", "fields": {"categoria": "recado", "parentesco": "*", "persona": 14, "numero": "*"}}, {"pk": 4, "model": "entrevista.entrevistatelefono", "fields": {"categoria": "otro", "parentesco": "*", "persona": 14, "numero": "*"}}, {"pk": 9, "model": "entrevista.entrevistatelefono", "fields": {"categoria": "casa", "parentesco": "", "persona": 16, "numero": "*"}}, {"pk": 10, "model": "entrevista.entrevistatelefono", "fields": {"categoria": "movil", "parentesco": "", "persona": 16, "numero": "*"}}, {"pk": 11, "model": "entrevista.entrevistatelefono", "fields": {"categoria": "recado", "parentesco": "*", "persona": 16, "numero": "*"}}, {"pk": 12, "model": "entrevista.entrevistatelefono", "fields": {"categoria": "otro", "parentesco": "*", "persona": 16, "numero": "*"}}, {"pk": 25, "model": "entrevista.entrevistatelefono", "fields": {"categoria": "casa", "parentesco": "", "persona": 20, "numero": "664 290 93 06"}}, {"pk": 26, "model": "entrevista.entrevistatelefono", "fields": {"categoria": "movil", "parentesco": "", "persona": 20, "numero": "664 290 93 08"}}, {"pk": 27, "model": "entrevista.entrevistatelefono", "fields": {"categoria": "recado", "parentesco": "PRIMO", "persona": 20, "numero": "664 290 93 07"}}, {"pk": 28, "model": "entrevista.entrevistatelefono", "fields": {"categoria": "otro", "parentesco": "HERMANO", "persona": 20, "numero": "664 290 93 09"}}, {"pk": 29, "model": "entrevista.entrevistatelefono", "fields": {"categoria": "casa", "parentesco": "", "persona": 21, "numero": "664 290 93 06"}}, {"pk": 30, "model": "entrevista.entrevistatelefono", "fields": {"categoria": "movil", "parentesco": "", "persona": 21, "numero": "664 290 93 08"}}, {"pk": 31, "model": "entrevista.entrevistatelefono", "fields": {"categoria": "recado", "parentesco": "PRIMO", "persona": 21, "numero": "664 290 93 07"}}, {"pk": 32, "model": "entrevista.entrevistatelefono", "fields": {"categoria": "otro", "parentesco": "HERMANO", "persona": 21, "numero": "664 290 93 09"}}, {"pk": 33, "model": "entrevista.entrevistatelefono", "fields": {"categoria": "casa", "parentesco": "", "persona": 22, "numero": "664 290 93 06"}}, {"pk": 34, "model": "entrevista.entrevistatelefono", "fields": {"categoria": "movil", "parentesco": "", "persona": 22, "numero": "664 290 93 08"}}, {"pk": 35, "model": "entrevista.entrevistatelefono", "fields": {"categoria": "recado", "parentesco": "PRIMO", "persona": 22, "numero": "664 290 93 07"}}, {"pk": 36, "model": "entrevista.entrevistatelefono", "fields": {"categoria": "otro", "parentesco": "HERMANO", "persona": 22, "numero": "664 290 93 09"}}, {"pk": 51, "model": "entrevista.entrevistatelefono", "fields": {"categoria": "casa", "parentesco": "", "persona": 60, "numero": "664 6247345"}}, {"pk": 52, "model": "entrevista.entrevistatelefono", "fields": {"categoria": "movil", "parentesco": "", "persona": 60, "numero": "664 2174000"}}, {"pk": 14, "model": "entrevista.entrevistadireccion", "fields": {"persona": 14, "colonia": "*", "calle": "*", "ciudad": "**", "cp": "*", "estado": "*"}}, {"pk": 16, "model": "entrevista.entrevistadireccion", "fields": {"persona": 16, "colonia": "*", "calle": "*", "ciudad": "**", "cp": "*", "estado": "*"}}, {"pk": 20, "model": "entrevista.entrevistadireccion", "fields": {"persona": 20, "colonia": "PLAYAS DE TIJUANA", "calle": "PERLAS 740-1", "ciudad": "TIJUANA", "cp": "22200", "estado": "BAJA CALIFORNIA"}}, {"pk": 21, "model": "entrevista.entrevistadireccion", "fields": {"persona": 21, "colonia": "PLAYAS DE TIJUANA", "calle": "PERLAS 740-1", "ciudad": "TIJUANA", "cp": "22200", "estado": "BAJA CALIFORNIA"}}, {"pk": 22, "model": "entrevista.entrevistadireccion", "fields": {"persona": 22, "colonia": "PLAYAS DE TIJUANA", "calle": "PERLAS 740-1", "ciudad": "TIJUANA", "cp": "22200", "estado": "BAJA CALIFORNIA"}}, {"pk": 60, "model": "entrevista.entrevistadireccion", "fields": {"persona": 60, "colonia": "Playas", "calle": "Perlas 740", "ciudad": "Tijuana", "cp": "22200", "estado": "Baja California"}}, {"pk": 27, "model": "entrevista.entrevistaprestacionvivienda", "fields": {"persona": 14, "uso": "*", "fecha_tramite": "*", "categoria_viv": "infonavit", "activo": "*", "numero_credito": "*"}}, {"pk": 28, "model": "entrevista.entrevistaprestacionvivienda", "fields": {"persona": 14, "uso": "*", "fecha_tramite": "*", "categoria_viv": "fonacot", "activo": "*", "numero_credito": "*"}}, {"pk": 31, "model": "entrevista.entrevistaprestacionvivienda", "fields": {"persona": 16, "uso": "*", "fecha_tramite": "*", "categoria_viv": "infonavit", "activo": "*", "numero_credito": "*"}}, {"pk": 32, "model": "entrevista.entrevistaprestacionvivienda", "fields": {"persona": 16, "uso": "*", "fecha_tramite": "*", "categoria_viv": "fonacot", "activo": "*", "numero_credito": "*"}}, {"pk": 39, "model": "entrevista.entrevistaprestacionvivienda", "fields": {"persona": 20, "uso": "COMPRAR CASA", "fecha_tramite": "***", "categoria_viv": "infonavit", "activo": "***", "numero_credito": "123S"}}, {"pk": 40, "model": "entrevista.entrevistaprestacionvivienda", "fields": {"persona": 20, "uso": "REMODELAR", "fecha_tramite": "***", "categoria_viv": "fonacot", "activo": "***", "numero_credito": "456S"}}, {"pk": 41, "model": "entrevista.entrevistaprestacionvivienda", "fields": {"persona": 21, "uso": "UUUUUUUUUUU", "fecha_tramite": "12/02/2015", "categoria_viv": "infonavit", "activo": "AAAAAA", "numero_credito": "123"}}, {"pk": 42, "model": "entrevista.entrevistaprestacionvivienda", "fields": {"persona": 21, "uso": "NNNNNNNNNNNN", "fecha_tramite": "13/02/2015", "categoria_viv": "fonacot", "activo": "EEEEEEEEEE", "numero_credito": "321"}}, {"pk": 43, "model": "entrevista.entrevistaprestacionvivienda", "fields": {"persona": 22, "uso": "UUUUUUUUUUU", "fecha_tramite": "12/02/2015", "categoria_viv": "infonavit", "activo": "INFONAVT", "numero_credito": "123"}}, {"pk": 44, "model": "entrevista.entrevistaprestacionvivienda", "fields": {"persona": 22, "uso": "NNNNNNNNNNNN", "fecha_tramite": "13/02/2015", "categoria_viv": "fonacot", "activo": "FONACOT", "numero_credito": "321"}}, {"pk": 119, "model": "entrevista.entrevistaprestacionvivienda", "fields": {"persona": 60, "uso": "***", "fecha_tramite": "***", "categoria_viv": "infonavit", "activo": "no", "numero_credito": "***"}}, {"pk": 120, "model": "entrevista.entrevistaprestacionvivienda", "fields": {"persona": 60, "uso": "***", "fecha_tramite": "***", "categoria_viv": "fonacot", "activo": "***", "numero_credito": "***"}}, {"pk": 14, "model": "entrevista.entrevistalicencia", "fields": {"persona": 14, "tipo": "*", "numero": "*"}}, {"pk": 16, "model": "entrevista.entrevistalicencia", "fields": {"persona": 16, "tipo": "*", "numero": "*"}}, {"pk": 20, "model": "entrevista.entrevistalicencia", "fields": {"persona": 20, "tipo": "AUTOMOVILISTA", "numero": "D12365"}}, {"pk": 21, "model": "entrevista.entrevistalicencia", "fields": {"persona": 21, "tipo": "AUTOMOVILISTA", "numero": "D12365"}}, {"pk": 22, "model": "entrevista.entrevistalicencia", "fields": {"persona": 22, "tipo": "AUTOMOVILISTA", "numero": "D12365"}}, {"pk": 60, "model": "entrevista.entrevistalicencia", "fields": {"persona": 60, "tipo": "automovilista", "numero": "bc25156655"}}, {"pk": 14, "model": "entrevista.entrevistaorigen", "fields": {"lugar": "*", "fecha": "*", "persona": 14, "nacionalidad": "**"}}, {"pk": 16, "model": "entrevista.entrevistaorigen", "fields": {"lugar": "*", "fecha": "*", "persona": 16, "nacionalidad": "**"}}, {"pk": 20, "model": "entrevista.entrevistaorigen", "fields": {"lugar": "SINALOA", "fecha": "***", "persona": 20, "nacionalidad": "MEXICANA"}}, {"pk": 21, "model": "entrevista.entrevistaorigen", "fields": {"lugar": "SINALOA", "fecha": "***", "persona": 21, "nacionalidad": "MEXICANA"}}, {"pk": 22, "model": "entrevista.entrevistaorigen", "fields": {"lugar": "SINALOA", "fecha": "***", "persona": 22, "nacionalidad": "MEXICANA"}}, {"pk": 60, "model": "entrevista.entrevistaorigen", "fields": {"lugar": "Mazatlan, sinaloa", "fecha": "13/07/1983", "persona": 60, "nacionalidad": "mexicana"}}, {"pk": 14, "model": "entrevista.entrevistainfopersonal", "fields": {"persona": 14, "trabajo_que_desarrolla": "*", "cualidades": "**", "defectos": "*", "antecedentes_penales": "*", "objetivo_en_empresa": "*", "objetivo_personal": "*", "tatuajes": "*"}}, {"pk": 16, "model": "entrevista.entrevistainfopersonal", "fields": {"persona": 16, "trabajo_que_desarrolla": "*", "cualidades": "**", "defectos": "*", "antecedentes_penales": "*", "objetivo_en_empresa": "*", "objetivo_personal": "*", "tatuajes": "*"}}, {"pk": 20, "model": "entrevista.entrevistainfopersonal", "fields": {"persona": 20, "trabajo_que_desarrolla": "DE TODO TIPO", "cualidades": "RAPIDO/EF", "defectos": "RATA/PERRO", "antecedentes_penales": "POR EL MOMENTO NUNGUNA", "objetivo_en_empresa": "LLEGAR HACER GERENTE", "objetivo_personal": "APRENER  DE LA VIDA", "tatuajes": "SI, EN EL HOMBRO DERECHO"}}, {"pk": 21, "model": "entrevista.entrevistainfopersonal", "fields": {"persona": 21, "trabajo_que_desarrolla": "DE TODO TIPO", "cualidades": "RAPIDO/EF", "defectos": "RATA/PERRO", "antecedentes_penales": "POR EL MOMENTO NUNGUNA", "objetivo_en_empresa": "LLEGAR HACER GERENTE", "objetivo_personal": "APRENER  DE LA VIDA", "tatuajes": "SI, EN EL HOMBRO DERECHO"}}, {"pk": 22, "model": "entrevista.entrevistainfopersonal", "fields": {"persona": 22, "trabajo_que_desarrolla": "DE TODO TIPO", "cualidades": "RAPIDO/EF", "defectos": "RATA/PERRO", "antecedentes_penales": "POR EL MOMENTO NUNGUNA", "objetivo_en_empresa": "LLEGAR HACER GERENTE", "objetivo_personal": "APRENER  DE LA VIDA", "tatuajes": "SI, EN EL HOMBRO DERECHO"}}, {"pk": 60, "model": "entrevista.entrevistainfopersonal", "fields": {"persona": 60, "trabajo_que_desarrolla": "de todo tipo", "cualidades": "responsable y trabajador", "defectos": "ninguno", "antecedentes_penales": "no", "objetivo_en_empresa": "ser gerente", "objetivo_personal": "Ser una buena persona", "tatuajes": "no"}}, {"pk": 27, "model": "entrevista.entrevistahistorialenempresa", "fields": {"categoria": "trabajo", "tiene": "*", "persona": 14, "periodo": "*", "puesto": "*", "nombre": null}}, {"pk": 28, "model": "entrevista.entrevistahistorialenempresa", "fields": {"categoria": "familiar", "tiene": "*", "persona": 14, "periodo": null, "puesto": "*", "nombre": "*"}}, {"pk": 31, "model": "entrevista.entrevistahistorialenempresa", "fields": {"categoria": "trabajo", "tiene": "*", "persona": 16, "periodo": "*", "puesto": "*", "nombre": null}}, {"pk": 32, "model": "entrevista.entrevistahistorialenempresa", "fields": {"categoria": "familiar", "tiene": "*", "persona": 16, "periodo": null, "puesto": "*", "nombre": "*"}}, {"pk": 39, "model": "entrevista.entrevistahistorialenempresa", "fields": {"categoria": "trabajo", "tiene": "NEL CARNAL", "persona": 20, "periodo": "***", "puesto": "COMPRAS", "nombre": null}}, {"pk": 40, "model": "entrevista.entrevistahistorialenempresa", "fields": {"categoria": "familiar", "tiene": "AUN NO", "persona": 20, "periodo": null, "puesto": "ALMACENISTA", "nombre": "PEDRO LARIOS"}}, {"pk": 41, "model": "entrevista.entrevistahistorialenempresa", "fields": {"categoria": "trabajo", "tiene": "NEL CARNAL", "persona": 21, "periodo": "***", "puesto": "COMPRAS", "nombre": null}}, {"pk": 42, "model": "entrevista.entrevistahistorialenempresa", "fields": {"categoria": "familiar", "tiene": "AUN NO", "persona": 21, "periodo": null, "puesto": "ALMACENISTA", "nombre": "PEDRO LARIOS"}}, {"pk": 43, "model": "entrevista.entrevistahistorialenempresa", "fields": {"categoria": "trabajo", "tiene": "NEL CARNAL", "persona": 22, "periodo": "***", "puesto": "COMPRAS", "nombre": null}}, {"pk": 44, "model": "entrevista.entrevistahistorialenempresa", "fields": {"categoria": "familiar", "tiene": "AUN NO", "persona": 22, "periodo": null, "puesto": "ALMACENISTA", "nombre": "PEDRO LARIOS"}}, {"pk": 119, "model": "entrevista.entrevistahistorialenempresa", "fields": {"categoria": "trabajo", "tiene": "no", "persona": 60, "periodo": "periodo", "puesto": "director", "nombre": ""}}, {"pk": 120, "model": "entrevista.entrevistahistorialenempresa", "fields": {"categoria": "familiar", "tiene": "no", "persona": 60, "periodo": "", "puesto": "director", "nombre": "periodo"}}, {"pk": 14, "model": "entrevista.entrevistasalud", "fields": {"intervenciones_quirurgicas": "*", "tratamiento_medico_psicologico": "**", "persona": 14, "embarazo_meses": "*", "enfermedades_mayor_frecuencia": "*", "institucion_medica": "*", "salud_fisica": "*", "ejercicio_tipo_frecuencia": "*", "salud_visual": "*", "peso_kg": "**", "accidentes": "*", "estatura_mts": "*", "enfermedades_familiares": "*"}}, {"pk": 16, "model": "entrevista.entrevistasalud", "fields": {"intervenciones_quirurgicas": "*", "tratamiento_medico_psicologico": "**", "persona": 16, "embarazo_meses": "*", "enfermedades_mayor_frecuencia": "*", "institucion_medica": "*", "salud_fisica": "*", "ejercicio_tipo_frecuencia": "*", "salud_visual": "*", "peso_kg": "**", "accidentes": "*", "estatura_mts": "*", "enfermedades_familiares": "*"}}, {"pk": 20, "model": "entrevista.entrevistasalud", "fields": {"intervenciones_quirurgicas": "OPERACI\u00d3N DE PANCREAS", "tratamiento_medico_psicologico": "LOQUERA", "persona": 20, "embarazo_meses": "8 MESES", "enfermedades_mayor_frecuencia": "TOS", "institucion_medica": "LOS ANGELES", "salud_fisica": "EXCELENTE", "ejercicio_tipo_frecuencia": "FUTBOL, CADA SEMANA", "salud_visual": "BUENA", "peso_kg": "100", "accidentes": "DE AUTO, HACE UN A\u00d1O", "estatura_mts": "2.5", "enfermedades_familiares": "GRIPE"}}, {"pk": 21, "model": "entrevista.entrevistasalud", "fields": {"intervenciones_quirurgicas": "OPERACI\u00d3N DE PANCREAS", "tratamiento_medico_psicologico": "LOQUERA", "persona": 21, "embarazo_meses": "8 MESES", "enfermedades_mayor_frecuencia": "TOS", "institucion_medica": "LOS ANGELES", "salud_fisica": "EXCELENTE", "ejercicio_tipo_frecuencia": "FUTBOL, CADA SEMANA", "salud_visual": "BUENA", "peso_kg": "100", "accidentes": "DE AUTO, HACE UN A\u00d1O", "estatura_mts": "2.5", "enfermedades_familiares": "GRIPE"}}, {"pk": 22, "model": "entrevista.entrevistasalud", "fields": {"intervenciones_quirurgicas": "OPERACI\u00d3N DE PANCREAS", "tratamiento_medico_psicologico": "LOQUERA", "persona": 22, "embarazo_meses": "8 MESES", "enfermedades_mayor_frecuencia": "TOS", "institucion_medica": "LOS ANGELES", "salud_fisica": "EXCELENTE", "ejercicio_tipo_frecuencia": "FUTBOL, CADA SEMANA", "salud_visual": "BUENA", "peso_kg": "100", "accidentes": "DE AUTO, HACE UN A\u00d1O", "estatura_mts": "2.5", "enfermedades_familiares": "GRIPE"}}, {"pk": 60, "model": "entrevista.entrevistasalud", "fields": {"intervenciones_quirurgicas": "ninguno", "tratamiento_medico_psicologico": "no", "persona": 60, "embarazo_meses": "***", "enfermedades_mayor_frecuencia": "ninguna", "institucion_medica": "imss", "salud_fisica": "buena", "ejercicio_tipo_frecuencia": "FUTBOL, CADA SEMANA", "salud_visual": "buena", "peso_kg": "83", "accidentes": "ninguno", "estatura_mts": "1.7", "enfermedades_familiares": "Hepatitis (madre)"}}, {"pk": 14, "model": "entrevista.entrevistaactividadeshabitos", "fields": {"persona": 14, "frecuencia_alcohol": "*", "extras": "*", "frecuencia_tabaco": "*", "frecuencia_otras_sust": "*", "tiempo_libre": "**"}}, {"pk": 16, "model": "entrevista.entrevistaactividadeshabitos", "fields": {"persona": 16, "frecuencia_alcohol": "*", "extras": "*", "frecuencia_tabaco": "*", "frecuencia_otras_sust": "*", "tiempo_libre": "**"}}, {"pk": 20, "model": "entrevista.entrevistaactividadeshabitos", "fields": {"persona": 20, "frecuencia_alcohol": "MUCHO", "extras": "ESTAR CON LA FAMILIA", "frecuencia_tabaco": "POCO", "frecuencia_otras_sust": "UNA AL A\u00d1O", "tiempo_libre": "IR AL CINE"}}, {"pk": 21, "model": "entrevista.entrevistaactividadeshabitos", "fields": {"persona": 21, "frecuencia_alcohol": "MUCHO", "extras": "ESTAR CON LA FAMILIA", "frecuencia_tabaco": "POCO", "frecuencia_otras_sust": "UNA AL A\u00d1O", "tiempo_libre": "IR AL CINE"}}, {"pk": 22, "model": "entrevista.entrevistaactividadeshabitos", "fields": {"persona": 22, "frecuencia_alcohol": "MUCHO", "extras": "ESTAR CON LA FAMILIA", "frecuencia_tabaco": "POCO", "frecuencia_otras_sust": "UNA AL A\u00d1O", "tiempo_libre": "IR AL CINE"}}, {"pk": 60, "model": "entrevista.entrevistaactividadeshabitos", "fields": {"persona": 60, "frecuencia_alcohol": "socialmente", "extras": "fut bol", "frecuencia_tabaco": "socialmente", "frecuencia_otras_sust": "socialmente", "tiempo_libre": "Pasar tiempo con familia"}}, {"pk": 14, "model": "entrevista.entrevistaacademica", "fields": {"person": 14, "estudios_actuales": "*", "cedula_prof_ano_exp": "*", "cedula_profesional": "*"}}, {"pk": 16, "model": "entrevista.entrevistaacademica", "fields": {"person": 16, "estudios_actuales": "*", "cedula_prof_ano_exp": "*", "cedula_profesional": "*"}}, {"pk": 20, "model": "entrevista.entrevistaacademica", "fields": {"person": 20, "estudios_actuales": "NO ESTUDIO", "cedula_prof_ano_exp": "2002", "cedula_profesional": "A4585"}}, {"pk": 21, "model": "entrevista.entrevistaacademica", "fields": {"person": 21, "estudios_actuales": "NO ESTUDIO", "cedula_prof_ano_exp": "2002", "cedula_profesional": "A4585"}}, {"pk": 22, "model": "entrevista.entrevistaacademica", "fields": {"person": 22, "estudios_actuales": "NO ESTUDIO", "cedula_prof_ano_exp": "2002", "cedula_profesional": "A4585"}}, {"pk": 60, "model": "entrevista.entrevistaacademica", "fields": {"person": 60, "estudios_actuales": "cetys", "cedula_prof_ano_exp": "2009", "cedula_profesional": "no"}}, {"pk": 66, "model": "entrevista.entrevistagradoescolaridad", "fields": {"grado": "primaria", "anos": "*", "institucion": "**", "person": 14, "ciudad": "*", "certificado": "*"}}, {"pk": 67, "model": "entrevista.entrevistagradoescolaridad", "fields": {"grado": "secundaria", "anos": "*", "institucion": "*", "person": 14, "ciudad": "*", "certificado": "*"}}, {"pk": 68, "model": "entrevista.entrevistagradoescolaridad", "fields": {"grado": "preparatoria", "anos": "*", "institucion": "*", "person": 14, "ciudad": "*", "certificado": "*"}}, {"pk": 69, "model": "entrevista.entrevistagradoescolaridad", "fields": {"grado": "profesional", "anos": "*", "institucion": "*", "person": 14, "ciudad": "*", "certificado": "**"}}, {"pk": 70, "model": "entrevista.entrevistagradoescolaridad", "fields": {"grado": "otro_grado", "anos": "*", "institucion": "*", "person": 14, "ciudad": "**", "certificado": "*"}}, {"pk": 76, "model": "entrevista.entrevistagradoescolaridad", "fields": {"grado": "primaria", "anos": "*", "institucion": "**", "person": 16, "ciudad": "*", "certificado": "*"}}, {"pk": 77, "model": "entrevista.entrevistagradoescolaridad", "fields": {"grado": "secundaria", "anos": "*", "institucion": "*", "person": 16, "ciudad": "*", "certificado": "*"}}, {"pk": 78, "model": "entrevista.entrevistagradoescolaridad", "fields": {"grado": "preparatoria", "anos": "*", "institucion": "*", "person": 16, "ciudad": "*", "certificado": "*"}}, {"pk": 79, "model": "entrevista.entrevistagradoescolaridad", "fields": {"grado": "profesional", "anos": "*", "institucion": "*", "person": 16, "ciudad": "*", "certificado": "**"}}, {"pk": 80, "model": "entrevista.entrevistagradoescolaridad", "fields": {"grado": "otro_grado", "anos": "*", "institucion": "*", "person": 16, "ciudad": "**", "certificado": "*"}}, {"pk": 96, "model": "entrevista.entrevistagradoescolaridad", "fields": {"grado": "primaria", "anos": "1", "institucion": "NICOLAR BRA", "person": 20, "ciudad": "TI", "certificado": "A"}}, {"pk": 97, "model": "entrevista.entrevistagradoescolaridad", "fields": {"grado": "secundaria", "anos": "2", "institucion": "TECNICA 99", "person": 20, "ciudad": "JU", "certificado": "B"}}, {"pk": 98, "model": "entrevista.entrevistagradoescolaridad", "fields": {"grado": "preparatoria", "anos": "3", "institucion": "CBTYS 156", "person": 20, "ciudad": "A", "certificado": "C"}}, {"pk": 99, "model": "entrevista.entrevistagradoescolaridad", "fields": {"grado": "profesional", "anos": "4", "institucion": "UABC (LIC. INF)", "person": 20, "ciudad": "NA", "certificado": "D"}}, {"pk": 100, "model": "entrevista.entrevistagradoescolaridad", "fields": {"grado": "otro_grado", "anos": "5", "institucion": "MAESTRIA", "person": 20, "ciudad": "BC", "certificado": "E"}}, {"pk": 101, "model": "entrevista.entrevistagradoescolaridad", "fields": {"grado": "primaria", "anos": "1", "institucion": "NICOLAR BRA", "person": 21, "ciudad": "TI", "certificado": "A"}}, {"pk": 102, "model": "entrevista.entrevistagradoescolaridad", "fields": {"grado": "secundaria", "anos": "2", "institucion": "TECNICA 99", "person": 21, "ciudad": "JU", "certificado": "B"}}, {"pk": 103, "model": "entrevista.entrevistagradoescolaridad", "fields": {"grado": "preparatoria", "anos": "3", "institucion": "CBTYS 156", "person": 21, "ciudad": "A", "certificado": "C"}}, {"pk": 104, "model": "entrevista.entrevistagradoescolaridad", "fields": {"grado": "profesional", "anos": "4", "institucion": "UABC (LIC. INF)", "person": 21, "ciudad": "NA", "certificado": "D"}}, {"pk": 105, "model": "entrevista.entrevistagradoescolaridad", "fields": {"grado": "otro_grado", "anos": "5", "institucion": "MAESTRIA", "person": 21, "ciudad": "BC", "certificado": "E"}}, {"pk": 106, "model": "entrevista.entrevistagradoescolaridad", "fields": {"grado": "primaria", "anos": "1", "institucion": "NICOLAR BRA", "person": 22, "ciudad": "TI", "certificado": "A"}}, {"pk": 107, "model": "entrevista.entrevistagradoescolaridad", "fields": {"grado": "secundaria", "anos": "2", "institucion": "TECNICA 99", "person": 22, "ciudad": "JU", "certificado": "B"}}, {"pk": 108, "model": "entrevista.entrevistagradoescolaridad", "fields": {"grado": "preparatoria", "anos": "3", "institucion": "CBTYS 156", "person": 22, "ciudad": "A", "certificado": "C"}}, {"pk": 109, "model": "entrevista.entrevistagradoescolaridad", "fields": {"grado": "profesional", "anos": "4", "institucion": "UABC (LIC. INF)", "person": 22, "ciudad": "NA", "certificado": "D"}}, {"pk": 110, "model": "entrevista.entrevistagradoescolaridad", "fields": {"grado": "otro_grado", "anos": "5", "institucion": "MAESTRIA", "person": 22, "ciudad": "BC", "certificado": "E"}}, {"pk": 296, "model": "entrevista.entrevistagradoescolaridad", "fields": {"grado": "primaria", "anos": "6", "institucion": "nicolas bravo", "person": 60, "ciudad": "tijuana", "certificado": "si"}}, {"pk": 297, "model": "entrevista.entrevistagradoescolaridad", "fields": {"grado": "secundaria", "anos": "3", "institucion": "tecnica 99", "person": 60, "ciudad": "tijuana", "certificado": "si"}}, {"pk": 298, "model": "entrevista.entrevistagradoescolaridad", "fields": {"grado": "preparatoria", "anos": "3", "institucion": "cetis", "person": 60, "ciudad": "tijuana", "certificado": "si"}}, {"pk": 299, "model": "entrevista.entrevistagradoescolaridad", "fields": {"grado": "profesional", "anos": "4", "institucion": "uabc", "person": 60, "ciudad": "tijuana", "certificado": "si"}}, {"pk": 300, "model": "entrevista.entrevistagradoescolaridad", "fields": {"grado": "otro_grado", "anos": "5", "institucion": "asdf", "person": 60, "ciudad": "asdf", "certificado": "si"}}, {"pk": 14, "model": "entrevista.entrevistaotroidioma", "fields": {"person": 14, "idioma": "**", "porcentaje": "*"}}, {"pk": 16, "model": "entrevista.entrevistaotroidioma", "fields": {"person": 16, "idioma": "**", "porcentaje": "*"}}, {"pk": 20, "model": "entrevista.entrevistaotroidioma", "fields": {"person": 20, "idioma": "FRANCES", "porcentaje": "48"}}, {"pk": 21, "model": "entrevista.entrevistaotroidioma", "fields": {"person": 21, "idioma": "FRANCES", "porcentaje": "48"}}, {"pk": 22, "model": "entrevista.entrevistaotroidioma", "fields": {"person": 22, "idioma": "FRANCES", "porcentaje": "48"}}, {"pk": 60, "model": "entrevista.entrevistaotroidioma", "fields": {"person": 60, "idioma": "ingles", "porcentaje": "60"}}, {"pk": 14, "model": "entrevista.entrevistasituacionvivienda", "fields": {"personas_viven_con_evaluado": "**", "tipo_mobiliario": "*", "sector_socioeconomico": "*", "tamano_aprox_mts2": "*", "tiempo_radicando": "**", "conservacion": "*", "person": 14}}, {"pk": 16, "model": "entrevista.entrevistasituacionvivienda", "fields": {"personas_viven_con_evaluado": "**", "tipo_mobiliario": "*", "sector_socioeconomico": "*", "tamano_aprox_mts2": "*", "tiempo_radicando": "**", "conservacion": "*", "person": 16}}, {"pk": 20, "model": "entrevista.entrevistasituacionvivienda", "fields": {"personas_viven_con_evaluado": "OCHO", "tipo_mobiliario": "BUEN ESTADO", "sector_socioeconomico": "BAJO", "tamano_aprox_mts2": "50 MTS", "tiempo_radicando": "UN A\u00d1O", "conservacion": "REGULAR", "person": 20}}, {"pk": 21, "model": "entrevista.entrevistasituacionvivienda", "fields": {"personas_viven_con_evaluado": "OCHO", "tipo_mobiliario": "BUEN ESTADO", "sector_socioeconomico": "BAJO", "tamano_aprox_mts2": "50 MTS", "tiempo_radicando": "UN A\u00d1O", "conservacion": "REGULAR", "person": 21}}, {"pk": 22, "model": "entrevista.entrevistasituacionvivienda", "fields": {"personas_viven_con_evaluado": "OCHO", "tipo_mobiliario": "BUEN ESTADO", "sector_socioeconomico": "BAJO", "tamano_aprox_mts2": "50 MTS", "tiempo_radicando": "UN A\u00d1O", "conservacion": "REGULAR", "person": 22}}, {"pk": 60, "model": "entrevista.entrevistasituacionvivienda", "fields": {"personas_viven_con_evaluado": "esposa y dos hijos", "tipo_mobiliario": "moderno", "sector_socioeconomico": "c", "tamano_aprox_mts2": "200 mts", "tiempo_radicando": "un a\u00f1o", "conservacion": "buen estado", "person": 60}}, {"pk": 14, "model": "entrevista.entrevistapropietariovivienda", "fields": {"parentesco": "**", "person": 14, "nombre": "*"}}, {"pk": 16, "model": "entrevista.entrevistapropietariovivienda", "fields": {"parentesco": "**", "person": 16, "nombre": "*"}}, {"pk": 20, "model": "entrevista.entrevistapropietariovivienda", "fields": {"parentesco": "TIO", "person": 20, "nombre": "ESTEBAN OJEDA"}}, {"pk": 21, "model": "entrevista.entrevistapropietariovivienda", "fields": {"parentesco": "TIO", "person": 21, "nombre": "ESTEBAN OJEDA"}}, {"pk": 22, "model": "entrevista.entrevistapropietariovivienda", "fields": {"parentesco": "TIO", "person": 22, "nombre": "ESTEBAN OJEDA"}}, {"pk": 60, "model": "entrevista.entrevistapropietariovivienda", "fields": {"parentesco": "esposa", "person": 60, "nombre": "araceli irene chamerri"}}, {"pk": 14, "model": "entrevista.entrevistacaractaristicasvivienda", "fields": {"valor_aproximado": "*", "renta_mensual": "*", "otra": "**", "rentada": "**", "person": 14, "prestada": "*", "hipotecada": "*", "propia": "*"}}, {"pk": 16, "model": "entrevista.entrevistacaractaristicasvivienda", "fields": {"valor_aproximado": "*", "renta_mensual": "*", "otra": "**", "rentada": "**", "person": 16, "prestada": "*", "hipotecada": "*", "propia": "*"}}, {"pk": 20, "model": "entrevista.entrevistacaractaristicasvivienda", "fields": {"valor_aproximado": "DESCONOCE", "renta_mensual": "3 MIL PESOS", "otra": "E", "rentada": "B", "person": 20, "prestada": "D", "hipotecada": "C", "propia": "A"}}, {"pk": 21, "model": "entrevista.entrevistacaractaristicasvivienda", "fields": {"valor_aproximado": "DESCONOCE", "renta_mensual": "3 MIL PESOS", "otra": "E", "rentada": "B", "person": 21, "prestada": "D", "hipotecada": "C", "propia": "A"}}, {"pk": 22, "model": "entrevista.entrevistacaractaristicasvivienda", "fields": {"valor_aproximado": "DESCONOCE", "renta_mensual": "3 MIL PESOS", "otra": "E", "rentada": "B", "person": 22, "prestada": "D", "hipotecada": "C", "propia": "A"}}, {"pk": 60, "model": "entrevista.entrevistacaractaristicasvivienda", "fields": {"valor_aproximado": "2200000", "renta_mensual": "2222", "otra": "x", "rentada": "x", "person": 60, "prestada": "x", "hipotecada": "x", "propia": "x"}}, {"pk": 14, "model": "entrevista.entrevistatipoinmueble", "fields": {"casa": "*", "terreno_compartido": "*", "otro_tipo": "*", "departamento": "**", "person": 14, "vivienda_popular": "*"}}, {"pk": 16, "model": "entrevista.entrevistatipoinmueble", "fields": {"casa": "*", "terreno_compartido": "*", "otro_tipo": "*", "departamento": "**", "person": 16, "vivienda_popular": "*"}}, {"pk": 20, "model": "entrevista.entrevistatipoinmueble", "fields": {"casa": "Q", "terreno_compartido": "W", "otro_tipo": "PPP", "departamento": "T", "person": 20, "vivienda_popular": "U"}}, {"pk": 21, "model": "entrevista.entrevistatipoinmueble", "fields": {"casa": "Q", "terreno_compartido": "W", "otro_tipo": "PPP", "departamento": "T", "person": 21, "vivienda_popular": "U"}}, {"pk": 22, "model": "entrevista.entrevistatipoinmueble", "fields": {"casa": "Q", "terreno_compartido": "W", "otro_tipo": "PPP", "departamento": "T", "person": 22, "vivienda_popular": "U"}}, {"pk": 60, "model": "entrevista.entrevistatipoinmueble", "fields": {"casa": "x", "terreno_compartido": "x", "otro_tipo": "x", "departamento": "x", "person": 60, "vivienda_popular": "x"}}, {"pk": 14, "model": "entrevista.entrevistadistribuciondimensiones", "fields": {"habitaciones": "*", "cocina": "**", "banos": "*", "salas": "**", "person": 14, "comedor": "*", "patios": "*", "cocheras": "*"}}, {"pk": 16, "model": "entrevista.entrevistadistribuciondimensiones", "fields": {"habitaciones": "*", "cocina": "**", "banos": "*", "salas": "**", "person": 16, "comedor": "*", "patios": "*", "cocheras": "*"}}, {"pk": 20, "model": "entrevista.entrevistadistribuciondimensiones", "fields": {"habitaciones": "8", "cocina": "4", "banos": "7", "salas": "6", "person": 20, "comedor": "5", "patios": "3", "cocheras": "9"}}, {"pk": 21, "model": "entrevista.entrevistadistribuciondimensiones", "fields": {"habitaciones": "8", "cocina": "4", "banos": "7", "salas": "6", "person": 21, "comedor": "5", "patios": "3", "cocheras": "9"}}, {"pk": 22, "model": "entrevista.entrevistadistribuciondimensiones", "fields": {"habitaciones": "8", "cocina": "4", "banos": "7", "salas": "6", "person": 22, "comedor": "5", "patios": "3", "cocheras": "9"}}, {"pk": 60, "model": "entrevista.entrevistadistribuciondimensiones", "fields": {"habitaciones": "3", "cocina": "1", "banos": "3", "salas": "1", "person": 60, "comedor": "1", "patios": "1", "cocheras": "1"}}, {"pk": 183, "model": "entrevista.entrevistamiembromarcofamiliar", "fields": {"edad": "*", "empresa": "*", "ocupacion": "*", "tipo": "padre", "residencia": "*", "person": 14, "nombre": "**", "telefono": "**"}}, {"pk": 184, "model": "entrevista.entrevistamiembromarcofamiliar", "fields": {"edad": "**", "empresa": "**", "ocupacion": "", "tipo": "madre", "residencia": "*", "person": 14, "nombre": "*", "telefono": "*"}}, {"pk": 185, "model": "entrevista.entrevistamiembromarcofamiliar", "fields": {"edad": "*", "empresa": "*", "ocupacion": "*", "tipo": "hermano", "residencia": "*", "person": 14, "nombre": "**", "telefono": "*"}}, {"pk": 186, "model": "entrevista.entrevistamiembromarcofamiliar", "fields": {"edad": "*", "empresa": "*", "ocupacion": "**", "tipo": "hermano", "residencia": "*", "person": 14, "nombre": "*", "telefono": "*"}}, {"pk": 187, "model": "entrevista.entrevistamiembromarcofamiliar", "fields": {"edad": "*", "empresa": "*", "ocupacion": "**", "tipo": "hermano", "residencia": "**", "person": 14, "nombre": "*", "telefono": "*"}}, {"pk": 188, "model": "entrevista.entrevistamiembromarcofamiliar", "fields": {"edad": "**", "empresa": "*", "ocupacion": "*", "tipo": "hermano", "residencia": "*", "person": 14, "nombre": "*", "telefono": "*"}}, {"pk": 189, "model": "entrevista.entrevistamiembromarcofamiliar", "fields": {"edad": "*", "empresa": "*", "ocupacion": "*", "tipo": "esposa", "residencia": "**", "person": 14, "nombre": "*", "telefono": "*"}}, {"pk": 190, "model": "entrevista.entrevistamiembromarcofamiliar", "fields": {"edad": "*", "empresa": "*", "ocupacion": "*", "tipo": "hijo", "residencia": "**", "person": 14, "nombre": "*", "telefono": "*"}}, {"pk": 191, "model": "entrevista.entrevistamiembromarcofamiliar", "fields": {"edad": "*", "empresa": "*", "ocupacion": "**", "tipo": "hijo", "residencia": "*", "person": 14, "nombre": "**", "telefono": "*"}}, {"pk": 192, "model": "entrevista.entrevistamiembromarcofamiliar", "fields": {"edad": "*", "empresa": "*", "ocupacion": "*", "tipo": "hijo", "residencia": "*", "person": 14, "nombre": "*", "telefono": "*"}}, {"pk": 193, "model": "entrevista.entrevistamiembromarcofamiliar", "fields": {"edad": "*", "empresa": "*", "ocupacion": "*", "tipo": "hijo", "residencia": "*", "person": 14, "nombre": "*", "telefono": "*"}}, {"pk": 194, "model": "entrevista.entrevistamiembromarcofamiliar", "fields": {"edad": "*", "empresa": "**", "ocupacion": "*", "tipo": "otro", "residencia": "*", "person": 14, "nombre": "*", "telefono": "*"}}, {"pk": 195, "model": "entrevista.entrevistamiembromarcofamiliar", "fields": {"edad": "*", "empresa": "**", "ocupacion": "*", "tipo": "otro", "residencia": "*", "person": 14, "nombre": "**", "telefono": "*"}}, {"pk": 196, "model": "entrevista.entrevistamiembromarcofamiliar", "fields": {"edad": "*", "empresa": "*", "ocupacion": "**", "tipo": "otro", "residencia": "**", "person": 14, "nombre": "**", "telefono": "*"}}, {"pk": 211, "model": "entrevista.entrevistamiembromarcofamiliar", "fields": {"edad": "*", "empresa": "*", "ocupacion": "*", "tipo": "padre", "residencia": "*", "person": 16, "nombre": "**", "telefono": "**"}}, {"pk": 212, "model": "entrevista.entrevistamiembromarcofamiliar", "fields": {"edad": "**", "empresa": "**", "ocupacion": "", "tipo": "madre", "residencia": "*", "person": 16, "nombre": "*", "telefono": "*"}}, {"pk": 213, "model": "entrevista.entrevistamiembromarcofamiliar", "fields": {"edad": "*", "empresa": "*", "ocupacion": "*", "tipo": "hermano", "residencia": "*", "person": 16, "nombre": "**", "telefono": "*"}}, {"pk": 214, "model": "entrevista.entrevistamiembromarcofamiliar", "fields": {"edad": "*", "empresa": "*", "ocupacion": "**", "tipo": "hermano", "residencia": "*", "person": 16, "nombre": "*", "telefono": "*"}}, {"pk": 215, "model": "entrevista.entrevistamiembromarcofamiliar", "fields": {"edad": "*", "empresa": "*", "ocupacion": "**", "tipo": "hermano", "residencia": "**", "person": 16, "nombre": "*", "telefono": "*"}}, {"pk": 216, "model": "entrevista.entrevistamiembromarcofamiliar", "fields": {"edad": "**", "empresa": "*", "ocupacion": "*", "tipo": "hermano", "residencia": "*", "person": 16, "nombre": "*", "telefono": "*"}}, {"pk": 217, "model": "entrevista.entrevistamiembromarcofamiliar", "fields": {"edad": "*", "empresa": "*", "ocupacion": "*", "tipo": "esposa", "residencia": "**", "person": 16, "nombre": "*", "telefono": "*"}}, {"pk": 218, "model": "entrevista.entrevistamiembromarcofamiliar", "fields": {"edad": "*", "empresa": "*", "ocupacion": "*", "tipo": "hijo", "residencia": "**", "person": 16, "nombre": "*", "telefono": "*"}}, {"pk": 219, "model": "entrevista.entrevistamiembromarcofamiliar", "fields": {"edad": "*", "empresa": "*", "ocupacion": "**", "tipo": "hijo", "residencia": "*", "person": 16, "nombre": "**", "telefono": "*"}}, {"pk": 220, "model": "entrevista.entrevistamiembromarcofamiliar", "fields": {"edad": "*", "empresa": "*", "ocupacion": "*", "tipo": "hijo", "residencia": "*", "person": 16, "nombre": "*", "telefono": "*"}}, {"pk": 221, "model": "entrevista.entrevistamiembromarcofamiliar", "fields": {"edad": "*", "empresa": "*", "ocupacion": "*", "tipo": "hijo", "residencia": "*", "person": 16, "nombre": "*", "telefono": "*"}}, {"pk": 222, "model": "entrevista.entrevistamiembromarcofamiliar", "fields": {"edad": "*", "empresa": "**", "ocupacion": "*", "tipo": "otro", "residencia": "*", "person": 16, "nombre": "*", "telefono": "*"}}, {"pk": 223, "model": "entrevista.entrevistamiembromarcofamiliar", "fields": {"edad": "*", "empresa": "**", "ocupacion": "*", "tipo": "otro", "residencia": "*", "person": 16, "nombre": "**", "telefono": "*"}}, {"pk": 224, "model": "entrevista.entrevistamiembromarcofamiliar", "fields": {"edad": "*", "empresa": "*", "ocupacion": "**", "tipo": "otro", "residencia": "**", "person": 16, "nombre": "**", "telefono": "*"}}, {"pk": 267, "model": "entrevista.entrevistamiembromarcofamiliar", "fields": {"edad": "15", "empresa": "W", "ocupacion": "Q", "tipo": "padre", "residencia": "E", "person": 20, "nombre": "1", "telefono": "R"}}, {"pk": 268, "model": "entrevista.entrevistamiembromarcofamiliar", "fields": {"edad": "16", "empresa": "S", "ocupacion": "A", "tipo": "madre", "residencia": "D", "person": 20, "nombre": "2", "telefono": "F"}}, {"pk": 269, "model": "entrevista.entrevistamiembromarcofamiliar", "fields": {"edad": "17", "empresa": "C", "ocupacion": "X", "tipo": "hermano", "residencia": "V", "person": 20, "nombre": "3", "telefono": "B"}}, {"pk": 270, "model": "entrevista.entrevistamiembromarcofamiliar", "fields": {"edad": "18", "empresa": "666", "ocupacion": "QQ", "tipo": "hermano", "residencia": "A", "person": 20, "nombre": "4", "telefono": "S"}}, {"pk": 271, "model": "entrevista.entrevistamiembromarcofamiliar", "fields": {"edad": "19", "empresa": "0", "ocupacion": "QQQ", "tipo": "hermano", "residencia": "G", "person": 20, "nombre": "5", "telefono": "C"}}, {"pk": 272, "model": "entrevista.entrevistamiembromarcofamiliar", "fields": {"edad": "20", "empresa": "1", "ocupacion": "QQQ", "tipo": "hermano", "residencia": "V", "person": 20, "nombre": "6", "telefono": "I"}}, {"pk": 273, "model": "entrevista.entrevistamiembromarcofamiliar", "fields": {"edad": "21", "empresa": "2", "ocupacion": "K", "tipo": "esposa", "residencia": "9", "person": 20, "nombre": "7", "telefono": "J"}}, {"pk": 274, "model": "entrevista.entrevistamiembromarcofamiliar", "fields": {"edad": "22", "empresa": "3", "ocupacion": "KK", "tipo": "hijo", "residencia": "8", "person": 20, "nombre": "8", "telefono": "H"}}, {"pk": 275, "model": "entrevista.entrevistamiembromarcofamiliar", "fields": {"edad": "23", "empresa": "4", "ocupacion": "KKK", "tipo": "hijo", "residencia": "7", "person": 20, "nombre": "9", "telefono": "F"}}, {"pk": 276, "model": "entrevista.entrevistamiembromarcofamiliar", "fields": {"edad": "24", "empresa": "5", "ocupacion": "KKKK", "tipo": "hijo", "residencia": "6", "person": 20, "nombre": "10", "telefono": "S"}}, {"pk": 277, "model": "entrevista.entrevistamiembromarcofamiliar", "fields": {"edad": "25", "empresa": "6", "ocupacion": "KKKKK", "tipo": "hijo", "residencia": "5", "person": 20, "nombre": "11", "telefono": "A"}}, {"pk": 278, "model": "entrevista.entrevistamiembromarcofamiliar", "fields": {"edad": "26", "empresa": "7", "ocupacion": "KKKKKK", "tipo": "otro", "residencia": "[", "person": 20, "nombre": "12", "telefono": "X"}}, {"pk": 279, "model": "entrevista.entrevistamiembromarcofamiliar", "fields": {"edad": "27", "empresa": "8", "ocupacion": "KKKKKKK", "tipo": "otro", "residencia": "]", "person": 20, "nombre": "13", "telefono": "V"}}, {"pk": 280, "model": "entrevista.entrevistamiembromarcofamiliar", "fields": {"edad": "28", "empresa": "9", "ocupacion": "KKKKKKKK", "tipo": "otro", "residencia": "[", "person": 20, "nombre": "14", "telefono": ";"}}, {"pk": 281, "model": "entrevista.entrevistamiembromarcofamiliar", "fields": {"edad": "15", "empresa": "W", "ocupacion": "Q", "tipo": "padre", "residencia": "E", "person": 21, "nombre": "1", "telefono": "R"}}, {"pk": 282, "model": "entrevista.entrevistamiembromarcofamiliar", "fields": {"edad": "16", "empresa": "S", "ocupacion": "A", "tipo": "madre", "residencia": "D", "person": 21, "nombre": "2", "telefono": "F"}}, {"pk": 283, "model": "entrevista.entrevistamiembromarcofamiliar", "fields": {"edad": "17", "empresa": "C", "ocupacion": "X", "tipo": "hermano", "residencia": "V", "person": 21, "nombre": "3", "telefono": "B"}}, {"pk": 284, "model": "entrevista.entrevistamiembromarcofamiliar", "fields": {"edad": "18", "empresa": "666", "ocupacion": "QQ", "tipo": "hermano", "residencia": "A", "person": 21, "nombre": "4", "telefono": "S"}}, {"pk": 285, "model": "entrevista.entrevistamiembromarcofamiliar", "fields": {"edad": "19", "empresa": "0", "ocupacion": "QQQ", "tipo": "hermano", "residencia": "G", "person": 21, "nombre": "5", "telefono": "C"}}, {"pk": 286, "model": "entrevista.entrevistamiembromarcofamiliar", "fields": {"edad": "20", "empresa": "1", "ocupacion": "QQQ", "tipo": "hermano", "residencia": "V", "person": 21, "nombre": "6", "telefono": "I"}}, {"pk": 287, "model": "entrevista.entrevistamiembromarcofamiliar", "fields": {"edad": "21", "empresa": "2", "ocupacion": "K", "tipo": "esposa", "residencia": "9", "person": 21, "nombre": "7", "telefono": "J"}}, {"pk": 288, "model": "entrevista.entrevistamiembromarcofamiliar", "fields": {"edad": "22", "empresa": "3", "ocupacion": "KK", "tipo": "hijo", "residencia": "8", "person": 21, "nombre": "8", "telefono": "H"}}, {"pk": 289, "model": "entrevista.entrevistamiembromarcofamiliar", "fields": {"edad": "23", "empresa": "4", "ocupacion": "KKK", "tipo": "hijo", "residencia": "7", "person": 21, "nombre": "9", "telefono": "F"}}, {"pk": 290, "model": "entrevista.entrevistamiembromarcofamiliar", "fields": {"edad": "24", "empresa": "5", "ocupacion": "KKKK", "tipo": "hijo", "residencia": "6", "person": 21, "nombre": "10", "telefono": "S"}}, {"pk": 291, "model": "entrevista.entrevistamiembromarcofamiliar", "fields": {"edad": "25", "empresa": "6", "ocupacion": "KKKKK", "tipo": "hijo", "residencia": "5", "person": 21, "nombre": "11", "telefono": "A"}}, {"pk": 292, "model": "entrevista.entrevistamiembromarcofamiliar", "fields": {"edad": "26", "empresa": "7", "ocupacion": "KKKKKK", "tipo": "otro", "residencia": "[", "person": 21, "nombre": "12", "telefono": "X"}}, {"pk": 293, "model": "entrevista.entrevistamiembromarcofamiliar", "fields": {"edad": "27", "empresa": "8", "ocupacion": "KKKKKKK", "tipo": "otro", "residencia": "]", "person": 21, "nombre": "13", "telefono": "V"}}, {"pk": 294, "model": "entrevista.entrevistamiembromarcofamiliar", "fields": {"edad": "28", "empresa": "9", "ocupacion": "KKKKKKKK", "tipo": "otro", "residencia": "[", "person": 21, "nombre": "14", "telefono": ";"}}, {"pk": 295, "model": "entrevista.entrevistamiembromarcofamiliar", "fields": {"edad": "15", "empresa": "W", "ocupacion": "Q", "tipo": "padre", "residencia": "E", "person": 22, "nombre": "1", "telefono": "R"}}, {"pk": 296, "model": "entrevista.entrevistamiembromarcofamiliar", "fields": {"edad": "16", "empresa": "S", "ocupacion": "A", "tipo": "madre", "residencia": "D", "person": 22, "nombre": "2", "telefono": "F"}}, {"pk": 297, "model": "entrevista.entrevistamiembromarcofamiliar", "fields": {"edad": "17", "empresa": "C", "ocupacion": "X", "tipo": "hermano", "residencia": "V", "person": 22, "nombre": "3", "telefono": "B"}}, {"pk": 298, "model": "entrevista.entrevistamiembromarcofamiliar", "fields": {"edad": "18", "empresa": "666", "ocupacion": "QQ", "tipo": "hermano", "residencia": "A", "person": 22, "nombre": "4", "telefono": "S"}}, {"pk": 299, "model": "entrevista.entrevistamiembromarcofamiliar", "fields": {"edad": "19", "empresa": "0", "ocupacion": "QQQ", "tipo": "hermano", "residencia": "G", "person": 22, "nombre": "5", "telefono": "C"}}, {"pk": 300, "model": "entrevista.entrevistamiembromarcofamiliar", "fields": {"edad": "20", "empresa": "1", "ocupacion": "QQQ", "tipo": "hermano", "residencia": "V", "person": 22, "nombre": "6", "telefono": "I"}}, {"pk": 301, "model": "entrevista.entrevistamiembromarcofamiliar", "fields": {"edad": "21", "empresa": "2", "ocupacion": "K", "tipo": "esposa", "residencia": "9", "person": 22, "nombre": "7", "telefono": "J"}}, {"pk": 302, "model": "entrevista.entrevistamiembromarcofamiliar", "fields": {"edad": "22", "empresa": "3", "ocupacion": "KK", "tipo": "hijo", "residencia": "8", "person": 22, "nombre": "8", "telefono": "H"}}, {"pk": 303, "model": "entrevista.entrevistamiembromarcofamiliar", "fields": {"edad": "23", "empresa": "4", "ocupacion": "KKK", "tipo": "hijo", "residencia": "7", "person": 22, "nombre": "9", "telefono": "F"}}, {"pk": 304, "model": "entrevista.entrevistamiembromarcofamiliar", "fields": {"edad": "24", "empresa": "5", "ocupacion": "KKKK", "tipo": "hijo", "residencia": "6", "person": 22, "nombre": "10", "telefono": "S"}}, {"pk": 305, "model": "entrevista.entrevistamiembromarcofamiliar", "fields": {"edad": "25", "empresa": "6", "ocupacion": "KKKKK", "tipo": "hijo", "residencia": "5", "person": 22, "nombre": "11", "telefono": "A"}}, {"pk": 306, "model": "entrevista.entrevistamiembromarcofamiliar", "fields": {"edad": "26", "empresa": "7", "ocupacion": "KKKKKK", "tipo": "otro", "residencia": "[", "person": 22, "nombre": "12", "telefono": "X"}}, {"pk": 307, "model": "entrevista.entrevistamiembromarcofamiliar", "fields": {"edad": "27", "empresa": "8", "ocupacion": "KKKKKKK", "tipo": "otro", "residencia": "]", "person": 22, "nombre": "13", "telefono": "V"}}, {"pk": 308, "model": "entrevista.entrevistamiembromarcofamiliar", "fields": {"edad": "28", "empresa": "9", "ocupacion": "KKKKKKKK", "tipo": "otro", "residencia": "[", "person": 22, "nombre": "14", "telefono": ";"}}, {"pk": 827, "model": "entrevista.entrevistamiembromarcofamiliar", "fields": {"edad": "51", "empresa": "desconoce", "ocupacion": "mecanico", "tipo": "padre", "residencia": "los pinos tijuana", "person": 60, "nombre": "juan carlos vargas", "telefono": "664 235685"}}, {"pk": 828, "model": "entrevista.entrevistamiembromarcofamiliar", "fields": {"edad": "51", "empresa": "minusculas", "ocupacion": "ama de casa", "tipo": "madre", "residencia": "los pinos", "person": 60, "nombre": "Elizabeth cordero", "telefono": "664 235685"}}, {"pk": 829, "model": "entrevista.entrevistamiembromarcofamiliar", "fields": {"edad": "29", "empresa": "quaker", "ocupacion": "ench", "tipo": "hermano", "residencia": "blvd 2000", "person": 60, "nombre": "marta cecili", "telefono": "664 362569"}}, {"pk": 830, "model": "entrevista.entrevistamiembromarcofamiliar", "fields": {"edad": "26", "empresa": "grupo lala", "ocupacion": "tecnico", "tipo": "hermano", "residencia": "5y 10", "person": 60, "nombre": "jesus alejandro", "telefono": "664 698545"}}, {"pk": 831, "model": "entrevista.entrevistamiembromarcofamiliar", "fields": {"edad": "24", "empresa": "baja pack", "ocupacion": "ventas ", "tipo": "hermano", "residencia": "los pinos", "person": 60, "nombre": "ana karen vargas", "telefono": "664 698566"}}, {"pk": 832, "model": "entrevista.entrevistamiembromarcofamiliar", "fields": {"edad": "", "empresa": "", "ocupacion": "", "tipo": "hermano", "residencia": "", "person": 60, "nombre": "", "telefono": ""}}, {"pk": 833, "model": "entrevista.entrevistamiembromarcofamiliar", "fields": {"edad": "28", "empresa": "contakto", "ocupacion": "empresaria", "tipo": "esposa", "residencia": "mismo dom", "person": 60, "nombre": "araceli", "telefono": "664 398888"}}, {"pk": 834, "model": "entrevista.entrevistamiembromarcofamiliar", "fields": {"edad": "4", "empresa": "***", "ocupacion": "infante", "tipo": "hijo", "residencia": "mismo", "person": 60, "nombre": "briana vargas", "telefono": "***"}}, {"pk": 835, "model": "entrevista.entrevistamiembromarcofamiliar", "fields": {"edad": "1", "empresa": "***", "ocupacion": "infante", "tipo": "hijo", "residencia": "mismo dom", "person": 60, "nombre": "carlos vargas", "telefono": "***"}}, {"pk": 836, "model": "entrevista.entrevistamiembromarcofamiliar", "fields": {"edad": "", "empresa": "", "ocupacion": "", "tipo": "hijo", "residencia": "", "person": 60, "nombre": "", "telefono": ""}}, {"pk": 837, "model": "entrevista.entrevistamiembromarcofamiliar", "fields": {"edad": "", "empresa": "", "ocupacion": "", "tipo": "hijo", "residencia": "", "person": 60, "nombre": "", "telefono": ""}}, {"pk": 838, "model": "entrevista.entrevistamiembromarcofamiliar", "fields": {"edad": "", "empresa": "", "ocupacion": "", "tipo": "otro", "residencia": "", "person": 60, "nombre": "", "telefono": ""}}, {"pk": 839, "model": "entrevista.entrevistamiembromarcofamiliar", "fields": {"edad": "", "empresa": "", "ocupacion": "", "tipo": "otro", "residencia": "", "person": 60, "nombre": "", "telefono": ""}}, {"pk": 840, "model": "entrevista.entrevistamiembromarcofamiliar", "fields": {"edad": "", "empresa": "", "ocupacion": "", "tipo": "otro", "residencia": "", "person": 60, "nombre": "", "telefono": ""}}, {"pk": 274, "model": "entrevista.entrevistaeconomica", "fields": {"monto": "**", "person": 14, "concepto": "investigado", "tipo": "ingreso"}}, {"pk": 275, "model": "entrevista.entrevistaeconomica", "fields": {"monto": "**", "person": 14, "concepto": "conyuge", "tipo": "ingreso"}}, {"pk": 276, "model": "entrevista.entrevistaeconomica", "fields": {"monto": "*", "person": 14, "concepto": "padres", "tipo": "ingreso"}}, {"pk": 277, "model": "entrevista.entrevistaeconomica", "fields": {"monto": "**", "person": 14, "concepto": "hermanos", "tipo": "ingreso"}}, {"pk": 278, "model": "entrevista.entrevistaeconomica", "fields": {"monto": "*", "person": 14, "concepto": "otros", "tipo": "ingreso"}}, {"pk": 279, "model": "entrevista.entrevistaeconomica", "fields": {"monto": "0", "person": 14, "concepto": "total", "tipo": "ingreso"}}, {"pk": 280, "model": "entrevista.entrevistaeconomica", "fields": {"monto": "**", "person": 14, "concepto": "impuestos", "tipo": "egreso"}}, {"pk": 281, "model": "entrevista.entrevistaeconomica", "fields": {"monto": "*", "person": 14, "concepto": "vestimenta", "tipo": "egreso"}}, {"pk": 282, "model": "entrevista.entrevistaeconomica", "fields": {"monto": "*", "person": 14, "concepto": "gastos_automovil", "tipo": "egreso"}}, {"pk": 283, "model": "entrevista.entrevistaeconomica", "fields": {"monto": "*", "person": 14, "concepto": "transporte_publico", "tipo": "egreso"}}, {"pk": 284, "model": "entrevista.entrevistaeconomica", "fields": {"monto": "*", "person": 14, "concepto": "alimentacion", "tipo": "egreso"}}, {"pk": 285, "model": "entrevista.entrevistaeconomica", "fields": {"monto": "**", "person": 14, "concepto": "educacion", "tipo": "egreso"}}, {"pk": 286, "model": "entrevista.entrevistaeconomica", "fields": {"monto": "*", "person": 14, "concepto": "medico", "tipo": "egreso"}}, {"pk": 287, "model": "entrevista.entrevistaeconomica", "fields": {"monto": "**", "person": 14, "concepto": "diversos", "tipo": "egreso"}}, {"pk": 288, "model": "entrevista.entrevistaeconomica", "fields": {"monto": "*", "person": 14, "concepto": "servicios", "tipo": "egreso"}}, {"pk": 289, "model": "entrevista.entrevistaeconomica", "fields": {"monto": "*", "person": 14, "concepto": "serv_domestico", "tipo": "egreso"}}, {"pk": 290, "model": "entrevista.entrevistaeconomica", "fields": {"monto": "*", "person": 14, "concepto": "seguros", "tipo": "egreso"}}, {"pk": 291, "model": "entrevista.entrevistaeconomica", "fields": {"monto": "**", "person": 14, "concepto": "deuda1", "tipo": "egreso"}}, {"pk": 292, "model": "entrevista.entrevistaeconomica", "fields": {"monto": "**", "person": 14, "concepto": "deuda2", "tipo": "egreso"}}, {"pk": 293, "model": "entrevista.entrevistaeconomica", "fields": {"monto": "*", "person": 14, "concepto": "otros", "tipo": "egreso"}}, {"pk": 294, "model": "entrevista.entrevistaeconomica", "fields": {"monto": "0", "person": 14, "concepto": "total", "tipo": "egreso"}}, {"pk": 316, "model": "entrevista.entrevistaeconomica", "fields": {"monto": "**", "person": 16, "concepto": "investigado", "tipo": "ingreso"}}, {"pk": 317, "model": "entrevista.entrevistaeconomica", "fields": {"monto": "**", "person": 16, "concepto": "conyuge", "tipo": "ingreso"}}, {"pk": 318, "model": "entrevista.entrevistaeconomica", "fields": {"monto": "*", "person": 16, "concepto": "padres", "tipo": "ingreso"}}, {"pk": 319, "model": "entrevista.entrevistaeconomica", "fields": {"monto": "**", "person": 16, "concepto": "hermanos", "tipo": "ingreso"}}, {"pk": 320, "model": "entrevista.entrevistaeconomica", "fields": {"monto": "*", "person": 16, "concepto": "otros", "tipo": "ingreso"}}, {"pk": 321, "model": "entrevista.entrevistaeconomica", "fields": {"monto": "0", "person": 16, "concepto": "total", "tipo": "ingreso"}}, {"pk": 322, "model": "entrevista.entrevistaeconomica", "fields": {"monto": "**", "person": 16, "concepto": "impuestos", "tipo": "egreso"}}, {"pk": 323, "model": "entrevista.entrevistaeconomica", "fields": {"monto": "*", "person": 16, "concepto": "vestimenta", "tipo": "egreso"}}, {"pk": 324, "model": "entrevista.entrevistaeconomica", "fields": {"monto": "*", "person": 16, "concepto": "gastos_automovil", "tipo": "egreso"}}, {"pk": 325, "model": "entrevista.entrevistaeconomica", "fields": {"monto": "*", "person": 16, "concepto": "transporte_publico", "tipo": "egreso"}}, {"pk": 326, "model": "entrevista.entrevistaeconomica", "fields": {"monto": "*", "person": 16, "concepto": "alimentacion", "tipo": "egreso"}}, {"pk": 327, "model": "entrevista.entrevistaeconomica", "fields": {"monto": "**", "person": 16, "concepto": "educacion", "tipo": "egreso"}}, {"pk": 328, "model": "entrevista.entrevistaeconomica", "fields": {"monto": "*", "person": 16, "concepto": "medico", "tipo": "egreso"}}, {"pk": 329, "model": "entrevista.entrevistaeconomica", "fields": {"monto": "**", "person": 16, "concepto": "diversos", "tipo": "egreso"}}, {"pk": 330, "model": "entrevista.entrevistaeconomica", "fields": {"monto": "*", "person": 16, "concepto": "servicios", "tipo": "egreso"}}, {"pk": 331, "model": "entrevista.entrevistaeconomica", "fields": {"monto": "*", "person": 16, "concepto": "serv_domestico", "tipo": "egreso"}}, {"pk": 332, "model": "entrevista.entrevistaeconomica", "fields": {"monto": "*", "person": 16, "concepto": "seguros", "tipo": "egreso"}}, {"pk": 333, "model": "entrevista.entrevistaeconomica", "fields": {"monto": "**", "person": 16, "concepto": "deuda1", "tipo": "egreso"}}, {"pk": 334, "model": "entrevista.entrevistaeconomica", "fields": {"monto": "**", "person": 16, "concepto": "deuda2", "tipo": "egreso"}}, {"pk": 335, "model": "entrevista.entrevistaeconomica", "fields": {"monto": "*", "person": 16, "concepto": "otros", "tipo": "egreso"}}, {"pk": 336, "model": "entrevista.entrevistaeconomica", "fields": {"monto": "0", "person": 16, "concepto": "total", "tipo": "egreso"}}, {"pk": 400, "model": "entrevista.entrevistaeconomica", "fields": {"monto": "1", "person": 20, "concepto": "investigado", "tipo": "ingreso"}}, {"pk": 401, "model": "entrevista.entrevistaeconomica", "fields": {"monto": "2", "person": 20, "concepto": "conyuge", "tipo": "ingreso"}}, {"pk": 402, "model": "entrevista.entrevistaeconomica", "fields": {"monto": "3", "person": 20, "concepto": "padres", "tipo": "ingreso"}}, {"pk": 403, "model": "entrevista.entrevistaeconomica", "fields": {"monto": "4", "person": 20, "concepto": "hermanos", "tipo": "ingreso"}}, {"pk": 404, "model": "entrevista.entrevistaeconomica", "fields": {"monto": "5", "person": 20, "concepto": "otros", "tipo": "ingreso"}}, {"pk": 405, "model": "entrevista.entrevistaeconomica", "fields": {"monto": "15", "person": 20, "concepto": "total", "tipo": "ingreso"}}, {"pk": 406, "model": "entrevista.entrevistaeconomica", "fields": {"monto": "6", "person": 20, "concepto": "impuestos", "tipo": "egreso"}}, {"pk": 407, "model": "entrevista.entrevistaeconomica", "fields": {"monto": "7", "person": 20, "concepto": "vestimenta", "tipo": "egreso"}}, {"pk": 408, "model": "entrevista.entrevistaeconomica", "fields": {"monto": "8", "person": 20, "concepto": "gastos_automovil", "tipo": "egreso"}}, {"pk": 409, "model": "entrevista.entrevistaeconomica", "fields": {"monto": "9", "person": 20, "concepto": "transporte_publico", "tipo": "egreso"}}, {"pk": 410, "model": "entrevista.entrevistaeconomica", "fields": {"monto": "10", "person": 20, "concepto": "alimentacion", "tipo": "egreso"}}, {"pk": 411, "model": "entrevista.entrevistaeconomica", "fields": {"monto": "11", "person": 20, "concepto": "educacion", "tipo": "egreso"}}, {"pk": 412, "model": "entrevista.entrevistaeconomica", "fields": {"monto": "12", "person": 20, "concepto": "medico", "tipo": "egreso"}}, {"pk": 413, "model": "entrevista.entrevistaeconomica", "fields": {"monto": "13", "person": 20, "concepto": "diversos", "tipo": "egreso"}}, {"pk": 414, "model": "entrevista.entrevistaeconomica", "fields": {"monto": "14", "person": 20, "concepto": "servicios", "tipo": "egreso"}}, {"pk": 415, "model": "entrevista.entrevistaeconomica", "fields": {"monto": "15", "person": 20, "concepto": "serv_domestico", "tipo": "egreso"}}, {"pk": 416, "model": "entrevista.entrevistaeconomica", "fields": {"monto": "16", "person": 20, "concepto": "seguros", "tipo": "egreso"}}, {"pk": 417, "model": "entrevista.entrevistaeconomica", "fields": {"monto": "17", "person": 20, "concepto": "deuda1", "tipo": "egreso"}}, {"pk": 418, "model": "entrevista.entrevistaeconomica", "fields": {"monto": "18", "person": 20, "concepto": "deuda2", "tipo": "egreso"}}, {"pk": 419, "model": "entrevista.entrevistaeconomica", "fields": {"monto": "19", "person": 20, "concepto": "otros", "tipo": "egreso"}}, {"pk": 420, "model": "entrevista.entrevistaeconomica", "fields": {"monto": "175", "person": 20, "concepto": "total", "tipo": "egreso"}}, {"pk": 421, "model": "entrevista.entrevistaeconomica", "fields": {"monto": "1", "person": 21, "concepto": "investigado", "tipo": "ingreso"}}, {"pk": 422, "model": "entrevista.entrevistaeconomica", "fields": {"monto": "2", "person": 21, "concepto": "conyuge", "tipo": "ingreso"}}, {"pk": 423, "model": "entrevista.entrevistaeconomica", "fields": {"monto": "3", "person": 21, "concepto": "padres", "tipo": "ingreso"}}, {"pk": 424, "model": "entrevista.entrevistaeconomica", "fields": {"monto": "4", "person": 21, "concepto": "hermanos", "tipo": "ingreso"}}, {"pk": 425, "model": "entrevista.entrevistaeconomica", "fields": {"monto": "5", "person": 21, "concepto": "otros", "tipo": "ingreso"}}, {"pk": 426, "model": "entrevista.entrevistaeconomica", "fields": {"monto": "15", "person": 21, "concepto": "total", "tipo": "ingreso"}}, {"pk": 427, "model": "entrevista.entrevistaeconomica", "fields": {"monto": "6", "person": 21, "concepto": "impuestos", "tipo": "egreso"}}, {"pk": 428, "model": "entrevista.entrevistaeconomica", "fields": {"monto": "7", "person": 21, "concepto": "vestimenta", "tipo": "egreso"}}, {"pk": 429, "model": "entrevista.entrevistaeconomica", "fields": {"monto": "8", "person": 21, "concepto": "gastos_automovil", "tipo": "egreso"}}, {"pk": 430, "model": "entrevista.entrevistaeconomica", "fields": {"monto": "9", "person": 21, "concepto": "transporte_publico", "tipo": "egreso"}}, {"pk": 431, "model": "entrevista.entrevistaeconomica", "fields": {"monto": "10", "person": 21, "concepto": "alimentacion", "tipo": "egreso"}}, {"pk": 432, "model": "entrevista.entrevistaeconomica", "fields": {"monto": "11", "person": 21, "concepto": "educacion", "tipo": "egreso"}}, {"pk": 433, "model": "entrevista.entrevistaeconomica", "fields": {"monto": "12", "person": 21, "concepto": "medico", "tipo": "egreso"}}, {"pk": 434, "model": "entrevista.entrevistaeconomica", "fields": {"monto": "13", "person": 21, "concepto": "diversos", "tipo": "egreso"}}, {"pk": 435, "model": "entrevista.entrevistaeconomica", "fields": {"monto": "14", "person": 21, "concepto": "servicios", "tipo": "egreso"}}, {"pk": 436, "model": "entrevista.entrevistaeconomica", "fields": {"monto": "15", "person": 21, "concepto": "serv_domestico", "tipo": "egreso"}}, {"pk": 437, "model": "entrevista.entrevistaeconomica", "fields": {"monto": "16", "person": 21, "concepto": "seguros", "tipo": "egreso"}}, {"pk": 438, "model": "entrevista.entrevistaeconomica", "fields": {"monto": "17", "person": 21, "concepto": "deuda1", "tipo": "egreso"}}, {"pk": 439, "model": "entrevista.entrevistaeconomica", "fields": {"monto": "18", "person": 21, "concepto": "deuda2", "tipo": "egreso"}}, {"pk": 440, "model": "entrevista.entrevistaeconomica", "fields": {"monto": "19", "person": 21, "concepto": "otros", "tipo": "egreso"}}, {"pk": 441, "model": "entrevista.entrevistaeconomica", "fields": {"monto": "175", "person": 21, "concepto": "total", "tipo": "egreso"}}, {"pk": 442, "model": "entrevista.entrevistaeconomica", "fields": {"monto": "1", "person": 22, "concepto": "investigado", "tipo": "ingreso"}}, {"pk": 443, "model": "entrevista.entrevistaeconomica", "fields": {"monto": "2", "person": 22, "concepto": "conyuge", "tipo": "ingreso"}}, {"pk": 444, "model": "entrevista.entrevistaeconomica", "fields": {"monto": "3", "person": 22, "concepto": "padres", "tipo": "ingreso"}}, {"pk": 445, "model": "entrevista.entrevistaeconomica", "fields": {"monto": "4", "person": 22, "concepto": "hermanos", "tipo": "ingreso"}}, {"pk": 446, "model": "entrevista.entrevistaeconomica", "fields": {"monto": "5", "person": 22, "concepto": "otros", "tipo": "ingreso"}}, {"pk": 447, "model": "entrevista.entrevistaeconomica", "fields": {"monto": "15", "person": 22, "concepto": "total", "tipo": "ingreso"}}, {"pk": 448, "model": "entrevista.entrevistaeconomica", "fields": {"monto": "6", "person": 22, "concepto": "impuestos", "tipo": "egreso"}}, {"pk": 449, "model": "entrevista.entrevistaeconomica", "fields": {"monto": "7", "person": 22, "concepto": "vestimenta", "tipo": "egreso"}}, {"pk": 450, "model": "entrevista.entrevistaeconomica", "fields": {"monto": "8", "person": 22, "concepto": "gastos_automovil", "tipo": "egreso"}}, {"pk": 451, "model": "entrevista.entrevistaeconomica", "fields": {"monto": "9", "person": 22, "concepto": "transporte_publico", "tipo": "egreso"}}, {"pk": 452, "model": "entrevista.entrevistaeconomica", "fields": {"monto": "10", "person": 22, "concepto": "alimentacion", "tipo": "egreso"}}, {"pk": 453, "model": "entrevista.entrevistaeconomica", "fields": {"monto": "11", "person": 22, "concepto": "educacion", "tipo": "egreso"}}, {"pk": 454, "model": "entrevista.entrevistaeconomica", "fields": {"monto": "12", "person": 22, "concepto": "medico", "tipo": "egreso"}}, {"pk": 455, "model": "entrevista.entrevistaeconomica", "fields": {"monto": "13", "person": 22, "concepto": "diversos", "tipo": "egreso"}}, {"pk": 456, "model": "entrevista.entrevistaeconomica", "fields": {"monto": "14", "person": 22, "concepto": "servicios", "tipo": "egreso"}}, {"pk": 457, "model": "entrevista.entrevistaeconomica", "fields": {"monto": "15", "person": 22, "concepto": "serv_domestico", "tipo": "egreso"}}, {"pk": 458, "model": "entrevista.entrevistaeconomica", "fields": {"monto": "16", "person": 22, "concepto": "seguros", "tipo": "egreso"}}, {"pk": 459, "model": "entrevista.entrevistaeconomica", "fields": {"monto": "17", "person": 22, "concepto": "deuda1", "tipo": "egreso"}}, {"pk": 460, "model": "entrevista.entrevistaeconomica", "fields": {"monto": "18", "person": 22, "concepto": "deuda2", "tipo": "egreso"}}, {"pk": 461, "model": "entrevista.entrevistaeconomica", "fields": {"monto": "19", "person": 22, "concepto": "otros", "tipo": "egreso"}}, {"pk": 462, "model": "entrevista.entrevistaeconomica", "fields": {"monto": "175", "person": 22, "concepto": "total", "tipo": "egreso"}}, {"pk": 1240, "model": "entrevista.entrevistaeconomica", "fields": {"monto": "$30,000.00", "person": 60, "concepto": "investigado", "tipo": "ingreso"}}, {"pk": 1241, "model": "entrevista.entrevistaeconomica", "fields": {"monto": "30000", "person": 60, "concepto": "conyuge", "tipo": "ingreso"}}, {"pk": 1242, "model": "entrevista.entrevistaeconomica", "fields": {"monto": "0", "person": 60, "concepto": "padres", "tipo": "ingreso"}}, {"pk": 1243, "model": "entrevista.entrevistaeconomica", "fields": {"monto": "0", "person": 60, "concepto": "hermanos", "tipo": "ingreso"}}, {"pk": 1244, "model": "entrevista.entrevistaeconomica", "fields": {"monto": "20000", "person": 60, "concepto": "otros", "tipo": "ingreso"}}, {"pk": 1245, "model": "entrevista.entrevistaeconomica", "fields": {"monto": "80000", "person": 60, "concepto": "total", "tipo": "ingreso"}}, {"pk": 1246, "model": "entrevista.entrevistaeconomica", "fields": {"monto": "10000", "person": 60, "concepto": "impuestos", "tipo": "egreso"}}, {"pk": 1247, "model": "entrevista.entrevistaeconomica", "fields": {"monto": "5000", "person": 60, "concepto": "vestimenta", "tipo": "egreso"}}, {"pk": 1248, "model": "entrevista.entrevistaeconomica", "fields": {"monto": "5000", "person": 60, "concepto": "gastos_automovil", "tipo": "egreso"}}, {"pk": 1249, "model": "entrevista.entrevistaeconomica", "fields": {"monto": "100", "person": 60, "concepto": "transporte_publico", "tipo": "egreso"}}, {"pk": 1250, "model": "entrevista.entrevistaeconomica", "fields": {"monto": "5000", "person": 60, "concepto": "alimentacion", "tipo": "egreso"}}, {"pk": 1251, "model": "entrevista.entrevistaeconomica", "fields": {"monto": "5000", "person": 60, "concepto": "educacion", "tipo": "egreso"}}, {"pk": 1252, "model": "entrevista.entrevistaeconomica", "fields": {"monto": "500", "person": 60, "concepto": "medico", "tipo": "egreso"}}, {"pk": 1253, "model": "entrevista.entrevistaeconomica", "fields": {"monto": "3000", "person": 60, "concepto": "diversos", "tipo": "egreso"}}, {"pk": 1254, "model": "entrevista.entrevistaeconomica", "fields": {"monto": "1500", "person": 60, "concepto": "servicios", "tipo": "egreso"}}, {"pk": 1255, "model": "entrevista.entrevistaeconomica", "fields": {"monto": "5000", "person": 60, "concepto": "serv_domestico", "tipo": "egreso"}}, {"pk": 1256, "model": "entrevista.entrevistaeconomica", "fields": {"monto": "1000", "person": 60, "concepto": "seguros", "tipo": "egreso"}}, {"pk": 1257, "model": "entrevista.entrevistaeconomica", "fields": {"monto": "1500", "person": 60, "concepto": "deuda1", "tipo": "egreso"}}, {"pk": 1258, "model": "entrevista.entrevistaeconomica", "fields": {"monto": "1200", "person": 60, "concepto": "deuda2", "tipo": "egreso"}}, {"pk": 1259, "model": "entrevista.entrevistaeconomica", "fields": {"monto": "8000", "person": 60, "concepto": "otros", "tipo": "egreso"}}, {"pk": 1260, "model": "entrevista.entrevistaeconomica", "fields": {"monto": "51800", "person": 60, "concepto": "total", "tipo": "egreso"}}, {"pk": 27, "model": "entrevista.entrevistatarjetacreditocomercial", "fields": {"institucion": "*", "person": 14, "saldo_actual": "**", "pago_minimo": "*", "limite_credito": "**"}}, {"pk": 28, "model": "entrevista.entrevistatarjetacreditocomercial", "fields": {"institucion": "*", "person": 14, "saldo_actual": "*", "pago_minimo": "*", "limite_credito": "*"}}, {"pk": 31, "model": "entrevista.entrevistatarjetacreditocomercial", "fields": {"institucion": "*", "person": 16, "saldo_actual": "**", "pago_minimo": "*", "limite_credito": "**"}}, {"pk": 32, "model": "entrevista.entrevistatarjetacreditocomercial", "fields": {"institucion": "*", "person": 16, "saldo_actual": "*", "pago_minimo": "*", "limite_credito": "*"}}, {"pk": 39, "model": "entrevista.entrevistatarjetacreditocomercial", "fields": {"institucion": "1", "person": 20, "saldo_actual": "4", "pago_minimo": "3", "limite_credito": "2"}}, {"pk": 40, "model": "entrevista.entrevistatarjetacreditocomercial", "fields": {"institucion": "5", "person": 20, "saldo_actual": "8", "pago_minimo": "7", "limite_credito": "6"}}, {"pk": 41, "model": "entrevista.entrevistatarjetacreditocomercial", "fields": {"institucion": "1", "person": 21, "saldo_actual": "4", "pago_minimo": "3", "limite_credito": "2"}}, {"pk": 42, "model": "entrevista.entrevistatarjetacreditocomercial", "fields": {"institucion": "5", "person": 21, "saldo_actual": "8", "pago_minimo": "7", "limite_credito": "6"}}, {"pk": 43, "model": "entrevista.entrevistatarjetacreditocomercial", "fields": {"institucion": "1", "person": 22, "saldo_actual": "4", "pago_minimo": "3", "limite_credito": "2"}}, {"pk": 44, "model": "entrevista.entrevistatarjetacreditocomercial", "fields": {"institucion": "5", "person": 22, "saldo_actual": "8", "pago_minimo": "7", "limite_credito": "6"}}, {"pk": 119, "model": "entrevista.entrevistatarjetacreditocomercial", "fields": {"institucion": "bancomer", "person": 60, "saldo_actual": "30000", "pago_minimo": "1500", "limite_credito": "120000"}}, {"pk": 120, "model": "entrevista.entrevistatarjetacreditocomercial", "fields": {"institucion": "banamex", "person": 60, "saldo_actual": "40000", "pago_minimo": "1200", "limite_credito": "100000"}}, {"pk": 27, "model": "entrevista.entrevistacuentadebito", "fields": {"institucion": "**", "person": 14, "saldo_mensual": "*", "antiguedad": "*", "ahorro": "*"}}, {"pk": 28, "model": "entrevista.entrevistacuentadebito", "fields": {"institucion": "*", "person": 14, "saldo_mensual": "*", "antiguedad": "*", "ahorro": "*"}}, {"pk": 31, "model": "entrevista.entrevistacuentadebito", "fields": {"institucion": "**", "person": 16, "saldo_mensual": "*", "antiguedad": "*", "ahorro": "*"}}, {"pk": 32, "model": "entrevista.entrevistacuentadebito", "fields": {"institucion": "*", "person": 16, "saldo_mensual": "*", "antiguedad": "*", "ahorro": "*"}}, {"pk": 39, "model": "entrevista.entrevistacuentadebito", "fields": {"institucion": "9", "person": 20, "saldo_mensual": "10", "antiguedad": "11", "ahorro": "12"}}, {"pk": 40, "model": "entrevista.entrevistacuentadebito", "fields": {"institucion": "13", "person": 20, "saldo_mensual": "14", "antiguedad": "15", "ahorro": "16"}}, {"pk": 41, "model": "entrevista.entrevistacuentadebito", "fields": {"institucion": "9", "person": 21, "saldo_mensual": "10", "antiguedad": "11", "ahorro": "12"}}, {"pk": 42, "model": "entrevista.entrevistacuentadebito", "fields": {"institucion": "13", "person": 21, "saldo_mensual": "14", "antiguedad": "15", "ahorro": "16"}}, {"pk": 43, "model": "entrevista.entrevistacuentadebito", "fields": {"institucion": "9", "person": 22, "saldo_mensual": "10", "antiguedad": "11", "ahorro": "12"}}, {"pk": 44, "model": "entrevista.entrevistacuentadebito", "fields": {"institucion": "13", "person": 22, "saldo_mensual": "14", "antiguedad": "15", "ahorro": "16"}}, {"pk": 119, "model": "entrevista.entrevistacuentadebito", "fields": {"institucion": "bancomer", "person": 60, "saldo_mensual": "***", "antiguedad": "cinco a\u00f1os", "ahorro": "***"}}, {"pk": 120, "model": "entrevista.entrevistacuentadebito", "fields": {"institucion": "***", "person": 60, "saldo_mensual": "***", "antiguedad": "***", "ahorro": "***"}}, {"pk": 27, "model": "entrevista.entrevistaautomovil", "fields": {"valor_comercial": "*", "person": 14, "marca": "**", "liquidacion": "*", "modelo_ano": "*"}}, {"pk": 28, "model": "entrevista.entrevistaautomovil", "fields": {"valor_comercial": "*", "person": 14, "marca": "*", "liquidacion": "*", "modelo_ano": "**"}}, {"pk": 31, "model": "entrevista.entrevistaautomovil", "fields": {"valor_comercial": "*", "person": 16, "marca": "**", "liquidacion": "*", "modelo_ano": "*"}}, {"pk": 32, "model": "entrevista.entrevistaautomovil", "fields": {"valor_comercial": "*", "person": 16, "marca": "*", "liquidacion": "*", "modelo_ano": "**"}}, {"pk": 39, "model": "entrevista.entrevistaautomovil", "fields": {"valor_comercial": "20", "person": 20, "marca": "17", "liquidacion": "19", "modelo_ano": "18"}}, {"pk": 40, "model": "entrevista.entrevistaautomovil", "fields": {"valor_comercial": "24", "person": 20, "marca": "21", "liquidacion": "23", "modelo_ano": "22"}}, {"pk": 41, "model": "entrevista.entrevistaautomovil", "fields": {"valor_comercial": "20", "person": 21, "marca": "17", "liquidacion": "19", "modelo_ano": "18"}}, {"pk": 42, "model": "entrevista.entrevistaautomovil", "fields": {"valor_comercial": "24", "person": 21, "marca": "21", "liquidacion": "23", "modelo_ano": "22"}}, {"pk": 43, "model": "entrevista.entrevistaautomovil", "fields": {"valor_comercial": "20", "person": 22, "marca": "17", "liquidacion": "19", "modelo_ano": "18"}}, {"pk": 44, "model": "entrevista.entrevistaautomovil", "fields": {"valor_comercial": "24", "person": 22, "marca": "21", "liquidacion": "23", "modelo_ano": "22"}}, {"pk": 119, "model": "entrevista.entrevistaautomovil", "fields": {"valor_comercial": "100000", "person": 60, "marca": "toyota", "liquidacion": "SI", "modelo_ano": "Yaris 2009"}}, {"pk": 120, "model": "entrevista.entrevistaautomovil", "fields": {"valor_comercial": "150000", "person": 60, "marca": "Toyota", "liquidacion": "SI", "modelo_ano": "Hilux 2008"}}, {"pk": 27, "model": "entrevista.entrevistabienesraices", "fields": {"ubicacion": "*", "person": 14, "valor_comercial": "**", "liquidacion": "*", "tipo_inmueble": "**"}}, {"pk": 28, "model": "entrevista.entrevistabienesraices", "fields": {"ubicacion": "**", "person": 14, "valor_comercial": "*", "liquidacion": "*", "tipo_inmueble": "*"}}, {"pk": 31, "model": "entrevista.entrevistabienesraices", "fields": {"ubicacion": "*", "person": 16, "valor_comercial": "**", "liquidacion": "*", "tipo_inmueble": "**"}}, {"pk": 32, "model": "entrevista.entrevistabienesraices", "fields": {"ubicacion": "**", "person": 16, "valor_comercial": "*", "liquidacion": "*", "tipo_inmueble": "*"}}, {"pk": 39, "model": "entrevista.entrevistabienesraices", "fields": {"ubicacion": "27", "person": 20, "valor_comercial": "29", "liquidacion": "28", "tipo_inmueble": "26"}}, {"pk": 40, "model": "entrevista.entrevistabienesraices", "fields": {"ubicacion": "31", "person": 20, "valor_comercial": "33", "liquidacion": "32", "tipo_inmueble": "30"}}, {"pk": 41, "model": "entrevista.entrevistabienesraices", "fields": {"ubicacion": "27", "person": 21, "valor_comercial": "29", "liquidacion": "28", "tipo_inmueble": "26"}}, {"pk": 42, "model": "entrevista.entrevistabienesraices", "fields": {"ubicacion": "31", "person": 21, "valor_comercial": "33", "liquidacion": "32", "tipo_inmueble": "30"}}, {"pk": 43, "model": "entrevista.entrevistabienesraices", "fields": {"ubicacion": "27", "person": 22, "valor_comercial": "29", "liquidacion": "28", "tipo_inmueble": "26"}}, {"pk": 44, "model": "entrevista.entrevistabienesraices", "fields": {"ubicacion": "31", "person": 22, "valor_comercial": "33", "liquidacion": "32", "tipo_inmueble": "30"}}, {"pk": 119, "model": "entrevista.entrevistabienesraices", "fields": {"ubicacion": "Mismo domicilio", "person": 60, "valor_comercial": "2200000", "liquidacion": "NO", "tipo_inmueble": "Casa"}}, {"pk": 120, "model": "entrevista.entrevistabienesraices", "fields": {"ubicacion": "", "person": 60, "valor_comercial": "", "liquidacion": "", "tipo_inmueble": ""}}, {"pk": 27, "model": "entrevista.entrevistaseguro", "fields": {"person": 14, "empresa": "**", "vigencia": "**", "tipo": "*", "forma_pago": "*"}}, {"pk": 28, "model": "entrevista.entrevistaseguro", "fields": {"person": 14, "empresa": "*", "vigencia": "*", "tipo": "*", "forma_pago": "*"}}, {"pk": 31, "model": "entrevista.entrevistaseguro", "fields": {"person": 16, "empresa": "**", "vigencia": "**", "tipo": "*", "forma_pago": "*"}}, {"pk": 32, "model": "entrevista.entrevistaseguro", "fields": {"person": 16, "empresa": "*", "vigencia": "*", "tipo": "*", "forma_pago": "*"}}, {"pk": 39, "model": "entrevista.entrevistaseguro", "fields": {"person": 20, "empresa": "34", "vigencia": "37", "tipo": "35", "forma_pago": "36"}}, {"pk": 40, "model": "entrevista.entrevistaseguro", "fields": {"person": 20, "empresa": "38", "vigencia": "41", "tipo": "39", "forma_pago": "40"}}, {"pk": 41, "model": "entrevista.entrevistaseguro", "fields": {"person": 21, "empresa": "34", "vigencia": "37", "tipo": "35", "forma_pago": "36"}}, {"pk": 42, "model": "entrevista.entrevistaseguro", "fields": {"person": 21, "empresa": "38", "vigencia": "41", "tipo": "39", "forma_pago": "40"}}, {"pk": 43, "model": "entrevista.entrevistaseguro", "fields": {"person": 22, "empresa": "34", "vigencia": "37", "tipo": "35", "forma_pago": "36"}}, {"pk": 44, "model": "entrevista.entrevistaseguro", "fields": {"person": 22, "empresa": "38", "vigencia": "41", "tipo": "39", "forma_pago": "40"}}, {"pk": 119, "model": "entrevista.entrevistaseguro", "fields": {"person": 60, "empresa": "qualitas", "vigencia": "un a\u00f1o", "tipo": "de vida", "forma_pago": "anual"}}, {"pk": 120, "model": "entrevista.entrevistaseguro", "fields": {"person": 60, "empresa": "***", "vigencia": "***", "tipo": "***", "forma_pago": "***"}}, {"pk": 27, "model": "entrevista.entrevistadeudaactual", "fields": {"saldo_actual": "**", "tipo": "*", "pago_mensual": "*", "fecha_otorgamiento": "**", "institucion": "*", "person": 14, "cantidad_total": "*"}}, {"pk": 28, "model": "entrevista.entrevistadeudaactual", "fields": {"saldo_actual": "*", "tipo": "*", "pago_mensual": "**", "fecha_otorgamiento": "*", "institucion": "**", "person": 14, "cantidad_total": "*"}}, {"pk": 31, "model": "entrevista.entrevistadeudaactual", "fields": {"saldo_actual": "**", "tipo": "*", "pago_mensual": "*", "fecha_otorgamiento": "**", "institucion": "*", "person": 16, "cantidad_total": "*"}}, {"pk": 32, "model": "entrevista.entrevistadeudaactual", "fields": {"saldo_actual": "*", "tipo": "*", "pago_mensual": "**", "fecha_otorgamiento": "*", "institucion": "**", "person": 16, "cantidad_total": "*"}}, {"pk": 39, "model": "entrevista.entrevistadeudaactual", "fields": {"saldo_actual": "45", "tipo": "42", "pago_mensual": "46", "fecha_otorgamiento": "20 DE ENERO 2015", "institucion": "43", "person": 20, "cantidad_total": "44"}}, {"pk": 40, "model": "entrevista.entrevistadeudaactual", "fields": {"saldo_actual": "50", "tipo": "47", "pago_mensual": "51", "fecha_otorgamiento": "ENERENO 20", "institucion": "48", "person": 20, "cantidad_total": "49"}}, {"pk": 41, "model": "entrevista.entrevistadeudaactual", "fields": {"saldo_actual": "45", "tipo": "42", "pago_mensual": "46", "fecha_otorgamiento": "20 DE ENERO 2015", "institucion": "43", "person": 21, "cantidad_total": "44"}}, {"pk": 42, "model": "entrevista.entrevistadeudaactual", "fields": {"saldo_actual": "50", "tipo": "47", "pago_mensual": "51", "fecha_otorgamiento": "ENERENO 20", "institucion": "48", "person": 21, "cantidad_total": "49"}}, {"pk": 43, "model": "entrevista.entrevistadeudaactual", "fields": {"saldo_actual": "45", "tipo": "42", "pago_mensual": "46", "fecha_otorgamiento": "20 DE ENERO 2015", "institucion": "43", "person": 22, "cantidad_total": "44"}}, {"pk": 44, "model": "entrevista.entrevistadeudaactual", "fields": {"saldo_actual": "50", "tipo": "47", "pago_mensual": "51", "fecha_otorgamiento": "ENERENO 20", "institucion": "48", "person": 22, "cantidad_total": "49"}}, {"pk": 119, "model": "entrevista.entrevistadeudaactual", "fields": {"saldo_actual": "200000", "tipo": "hipoteca", "pago_mensual": "8000", "fecha_otorgamiento": "2015", "institucion": "scotiabank", "person": 60, "cantidad_total": "1400000"}}, {"pk": 120, "model": "entrevista.entrevistadeudaactual", "fields": {"saldo_actual": "", "tipo": "", "pago_mensual": "", "fecha_otorgamiento": "", "institucion": "", "person": 60, "cantidad_total": ""}}, {"pk": 27, "model": "entrevista.entrevistareferencia", "fields": {"parentesco": "*", "tiempo_conocido": "*", "lugares_labor_evaluado": "*", "person": 14, "opinion": "*", "nombre": "*", "ocupacion": "**", "telefono": "*", "domicilio": "**"}}, {"pk": 28, "model": "entrevista.entrevistareferencia", "fields": {"parentesco": "*", "tiempo_conocido": "*", "lugares_labor_evaluado": "**", "person": 14, "opinion": "*", "nombre": "*", "ocupacion": "*", "telefono": "**", "domicilio": "*"}}, {"pk": 31, "model": "entrevista.entrevistareferencia", "fields": {"parentesco": "*", "tiempo_conocido": "*", "lugares_labor_evaluado": "*", "person": 16, "opinion": "*", "nombre": "*", "ocupacion": "**", "telefono": "*", "domicilio": "**"}}, {"pk": 32, "model": "entrevista.entrevistareferencia", "fields": {"parentesco": "*", "tiempo_conocido": "*", "lugares_labor_evaluado": "**", "person": 16, "opinion": "*", "nombre": "*", "ocupacion": "*", "telefono": "**", "domicilio": "*"}}, {"pk": 39, "model": "entrevista.entrevistareferencia", "fields": {"parentesco": "***", "tiempo_conocido": "***", "lugares_labor_evaluado": "***", "person": 20, "opinion": "***", "nombre": "***", "ocupacion": "***", "telefono": "***", "domicilio": "***"}}, {"pk": 40, "model": "entrevista.entrevistareferencia", "fields": {"parentesco": "***", "tiempo_conocido": "***", "lugares_labor_evaluado": "***", "person": 20, "opinion": "***", "nombre": "***", "ocupacion": "***", "telefono": "***", "domicilio": "***"}}, {"pk": 41, "model": "entrevista.entrevistareferencia", "fields": {"parentesco": "***", "tiempo_conocido": "***", "lugares_labor_evaluado": "***", "person": 21, "opinion": "***", "nombre": "***", "ocupacion": "***", "telefono": "***", "domicilio": "***"}}, {"pk": 42, "model": "entrevista.entrevistareferencia", "fields": {"parentesco": "***", "tiempo_conocido": "***", "lugares_labor_evaluado": "***", "person": 21, "opinion": "***", "nombre": "***", "ocupacion": "***", "telefono": "***", "domicilio": "***"}}, {"pk": 43, "model": "entrevista.entrevistareferencia", "fields": {"parentesco": "***", "tiempo_conocido": "***", "lugares_labor_evaluado": "***", "person": 22, "opinion": "***", "nombre": "***", "ocupacion": "***", "telefono": "***", "domicilio": "***"}}, {"pk": 44, "model": "entrevista.entrevistareferencia", "fields": {"parentesco": "***", "tiempo_conocido": "***", "lugares_labor_evaluado": "***", "person": 22, "opinion": "***", "nombre": "***", "ocupacion": "***", "telefono": "***", "domicilio": "***"}}, {"pk": 119, "model": "entrevista.entrevistareferencia", "fields": {"parentesco": "amistad", "tiempo_conocido": "5 A\u00f1os", "lugares_labor_evaluado": "SAHUAYO Y EN ASC INFORMATICA", "person": 60, "opinion": "Es un buen amigo y responsable", "nombre": "pedro g", "ocupacion": "vendedor", "telefono": "664 0123652", "domicilio": "murua #12035, TIJUANA, B.C."}}, {"pk": 120, "model": "entrevista.entrevistareferencia", "fields": {"parentesco": "amistad", "tiempo_conocido": "3a\u00f1os", "lugares_labor_evaluado": "sahuyajo", "person": 60, "opinion": "Es un buen amigo y responsable", "nombre": "julio alonso", "ocupacion": "tecnico", "telefono": "664 987 3555", "domicilio": "doctores 2000"}}, {"pk": 131, "model": "entrevista.entrevistadocumentocotejado", "fields": {"person": 14, "observaciones": "", "estatus": true, "tipo": "acta_nacimiento"}}, {"pk": 132, "model": "entrevista.entrevistadocumentocotejado", "fields": {"person": 14, "observaciones": "", "estatus": true, "tipo": "acta_matrimonio"}}, {"pk": 133, "model": "entrevista.entrevistadocumentocotejado", "fields": {"person": 14, "observaciones": "", "estatus": true, "tipo": "comprobante_domicilio"}}, {"pk": 134, "model": "entrevista.entrevistadocumentocotejado", "fields": {"person": 14, "observaciones": "", "estatus": true, "tipo": "id_oficial"}}, {"pk": 135, "model": "entrevista.entrevistadocumentocotejado", "fields": {"person": 14, "observaciones": "", "estatus": true, "tipo": "comprobante_nss"}}, {"pk": 136, "model": "entrevista.entrevistadocumentocotejado", "fields": {"person": 14, "observaciones": "", "estatus": true, "tipo": "curp"}}, {"pk": 137, "model": "entrevista.entrevistadocumentocotejado", "fields": {"person": 14, "observaciones": "", "estatus": true, "tipo": "cartilla_smn"}}, {"pk": 138, "model": "entrevista.entrevistadocumentocotejado", "fields": {"person": 14, "observaciones": "", "estatus": true, "tipo": "ultimo_grado_estudio"}}, {"pk": 139, "model": "entrevista.entrevistadocumentocotejado", "fields": {"person": 14, "observaciones": "", "estatus": true, "tipo": "cartas_laborales"}}, {"pk": 140, "model": "entrevista.entrevistadocumentocotejado", "fields": {"person": 14, "observaciones": "*", "estatus": false, "tipo": "motivos_falta_docs"}}, {"pk": 151, "model": "entrevista.entrevistadocumentocotejado", "fields": {"person": 16, "observaciones": "", "estatus": true, "tipo": "acta_nacimiento"}}, {"pk": 152, "model": "entrevista.entrevistadocumentocotejado", "fields": {"person": 16, "observaciones": "", "estatus": true, "tipo": "acta_matrimonio"}}, {"pk": 153, "model": "entrevista.entrevistadocumentocotejado", "fields": {"person": 16, "observaciones": "", "estatus": true, "tipo": "comprobante_domicilio"}}, {"pk": 154, "model": "entrevista.entrevistadocumentocotejado", "fields": {"person": 16, "observaciones": "", "estatus": true, "tipo": "id_oficial"}}, {"pk": 155, "model": "entrevista.entrevistadocumentocotejado", "fields": {"person": 16, "observaciones": "", "estatus": true, "tipo": "comprobante_nss"}}, {"pk": 156, "model": "entrevista.entrevistadocumentocotejado", "fields": {"person": 16, "observaciones": "", "estatus": true, "tipo": "curp"}}, {"pk": 157, "model": "entrevista.entrevistadocumentocotejado", "fields": {"person": 16, "observaciones": "", "estatus": true, "tipo": "cartilla_smn"}}, {"pk": 158, "model": "entrevista.entrevistadocumentocotejado", "fields": {"person": 16, "observaciones": "", "estatus": true, "tipo": "ultimo_grado_estudio"}}, {"pk": 159, "model": "entrevista.entrevistadocumentocotejado", "fields": {"person": 16, "observaciones": "", "estatus": true, "tipo": "cartas_laborales"}}, {"pk": 160, "model": "entrevista.entrevistadocumentocotejado", "fields": {"person": 16, "observaciones": "*", "estatus": false, "tipo": "motivos_falta_docs"}}, {"pk": 191, "model": "entrevista.entrevistadocumentocotejado", "fields": {"person": 20, "observaciones": "", "estatus": true, "tipo": "acta_nacimiento"}}, {"pk": 192, "model": "entrevista.entrevistadocumentocotejado", "fields": {"person": 20, "observaciones": "", "estatus": false, "tipo": "acta_matrimonio"}}, {"pk": 193, "model": "entrevista.entrevistadocumentocotejado", "fields": {"person": 20, "observaciones": "", "estatus": true, "tipo": "comprobante_domicilio"}}, {"pk": 194, "model": "entrevista.entrevistadocumentocotejado", "fields": {"person": 20, "observaciones": "", "estatus": false, "tipo": "id_oficial"}}, {"pk": 195, "model": "entrevista.entrevistadocumentocotejado", "fields": {"person": 20, "observaciones": "", "estatus": true, "tipo": "comprobante_nss"}}, {"pk": 196, "model": "entrevista.entrevistadocumentocotejado", "fields": {"person": 20, "observaciones": "", "estatus": false, "tipo": "curp"}}, {"pk": 197, "model": "entrevista.entrevistadocumentocotejado", "fields": {"person": 20, "observaciones": "", "estatus": true, "tipo": "cartilla_smn"}}, {"pk": 198, "model": "entrevista.entrevistadocumentocotejado", "fields": {"person": 20, "observaciones": "", "estatus": false, "tipo": "ultimo_grado_estudio"}}, {"pk": 199, "model": "entrevista.entrevistadocumentocotejado", "fields": {"person": 20, "observaciones": "", "estatus": true, "tipo": "cartas_laborales"}}, {"pk": 200, "model": "entrevista.entrevistadocumentocotejado", "fields": {"person": 20, "observaciones": "NADA", "estatus": false, "tipo": "motivos_falta_docs"}}, {"pk": 201, "model": "entrevista.entrevistadocumentocotejado", "fields": {"person": 21, "observaciones": "", "estatus": true, "tipo": "acta_nacimiento"}}, {"pk": 202, "model": "entrevista.entrevistadocumentocotejado", "fields": {"person": 21, "observaciones": "", "estatus": false, "tipo": "acta_matrimonio"}}, {"pk": 203, "model": "entrevista.entrevistadocumentocotejado", "fields": {"person": 21, "observaciones": "", "estatus": true, "tipo": "comprobante_domicilio"}}, {"pk": 204, "model": "entrevista.entrevistadocumentocotejado", "fields": {"person": 21, "observaciones": "", "estatus": false, "tipo": "id_oficial"}}, {"pk": 205, "model": "entrevista.entrevistadocumentocotejado", "fields": {"person": 21, "observaciones": "", "estatus": true, "tipo": "comprobante_nss"}}, {"pk": 206, "model": "entrevista.entrevistadocumentocotejado", "fields": {"person": 21, "observaciones": "", "estatus": false, "tipo": "curp"}}, {"pk": 207, "model": "entrevista.entrevistadocumentocotejado", "fields": {"person": 21, "observaciones": "", "estatus": true, "tipo": "cartilla_smn"}}, {"pk": 208, "model": "entrevista.entrevistadocumentocotejado", "fields": {"person": 21, "observaciones": "", "estatus": false, "tipo": "ultimo_grado_estudio"}}, {"pk": 209, "model": "entrevista.entrevistadocumentocotejado", "fields": {"person": 21, "observaciones": "", "estatus": true, "tipo": "cartas_laborales"}}, {"pk": 210, "model": "entrevista.entrevistadocumentocotejado", "fields": {"person": 21, "observaciones": "NADA", "estatus": false, "tipo": "motivos_falta_docs"}}, {"pk": 211, "model": "entrevista.entrevistadocumentocotejado", "fields": {"person": 22, "observaciones": "", "estatus": true, "tipo": "acta_nacimiento"}}, {"pk": 212, "model": "entrevista.entrevistadocumentocotejado", "fields": {"person": 22, "observaciones": "", "estatus": false, "tipo": "acta_matrimonio"}}, {"pk": 213, "model": "entrevista.entrevistadocumentocotejado", "fields": {"person": 22, "observaciones": "", "estatus": true, "tipo": "comprobante_domicilio"}}, {"pk": 214, "model": "entrevista.entrevistadocumentocotejado", "fields": {"person": 22, "observaciones": "", "estatus": false, "tipo": "id_oficial"}}, {"pk": 215, "model": "entrevista.entrevistadocumentocotejado", "fields": {"person": 22, "observaciones": "", "estatus": true, "tipo": "comprobante_nss"}}, {"pk": 216, "model": "entrevista.entrevistadocumentocotejado", "fields": {"person": 22, "observaciones": "", "estatus": false, "tipo": "curp"}}, {"pk": 217, "model": "entrevista.entrevistadocumentocotejado", "fields": {"person": 22, "observaciones": "", "estatus": true, "tipo": "cartilla_smn"}}, {"pk": 218, "model": "entrevista.entrevistadocumentocotejado", "fields": {"person": 22, "observaciones": "", "estatus": false, "tipo": "ultimo_grado_estudio"}}, {"pk": 219, "model": "entrevista.entrevistadocumentocotejado", "fields": {"person": 22, "observaciones": "", "estatus": true, "tipo": "cartas_laborales"}}, {"pk": 220, "model": "entrevista.entrevistadocumentocotejado", "fields": {"person": 22, "observaciones": "NADA", "estatus": false, "tipo": "motivos_falta_docs"}}, {"pk": 591, "model": "entrevista.entrevistadocumentocotejado", "fields": {"person": 60, "observaciones": "", "estatus": true, "tipo": "acta_nacimiento"}}, {"pk": 592, "model": "entrevista.entrevistadocumentocotejado", "fields": {"person": 60, "observaciones": "", "estatus": true, "tipo": "acta_matrimonio"}}, {"pk": 593, "model": "entrevista.entrevistadocumentocotejado", "fields": {"person": 60, "observaciones": "", "estatus": true, "tipo": "comprobante_domicilio"}}, {"pk": 594, "model": "entrevista.entrevistadocumentocotejado", "fields": {"person": 60, "observaciones": "", "estatus": true, "tipo": "id_oficial"}}, {"pk": 595, "model": "entrevista.entrevistadocumentocotejado", "fields": {"person": 60, "observaciones": "", "estatus": true, "tipo": "comprobante_nss"}}, {"pk": 596, "model": "entrevista.entrevistadocumentocotejado", "fields": {"person": 60, "observaciones": "", "estatus": true, "tipo": "curp"}}, {"pk": 597, "model": "entrevista.entrevistadocumentocotejado", "fields": {"person": 60, "observaciones": "", "estatus": true, "tipo": "cartilla_smn"}}, {"pk": 598, "model": "entrevista.entrevistadocumentocotejado", "fields": {"person": 60, "observaciones": "", "estatus": true, "tipo": "ultimo_grado_estudio"}}, {"pk": 599, "model": "entrevista.entrevistadocumentocotejado", "fields": {"person": 60, "observaciones": "", "estatus": true, "tipo": "cartas_laborales"}}, {"pk": 600, "model": "entrevista.entrevistadocumentocotejado", "fields": {"person": 60, "observaciones": "algo***", "estatus": false, "tipo": "motivos_falta_docs"}}, {"pk": 40, "model": "entrevista.entrevistaaspectohogar", "fields": {"person": 14, "estatus": "*", "tipo": "orden"}}, {"pk": 41, "model": "entrevista.entrevistaaspectohogar", "fields": {"person": 14, "estatus": "*", "tipo": "limpieza"}}, {"pk": 42, "model": "entrevista.entrevistaaspectohogar", "fields": {"person": 14, "estatus": "**", "tipo": "conservacion"}}, {"pk": 46, "model": "entrevista.entrevistaaspectohogar", "fields": {"person": 16, "estatus": "*", "tipo": "orden"}}, {"pk": 47, "model": "entrevista.entrevistaaspectohogar", "fields": {"person": 16, "estatus": "*", "tipo": "limpieza"}}, {"pk": 48, "model": "entrevista.entrevistaaspectohogar", "fields": {"person": 16, "estatus": "**", "tipo": "conservacion"}}, {"pk": 58, "model": "entrevista.entrevistaaspectohogar", "fields": {"person": 20, "estatus": "1", "tipo": "orden"}}, {"pk": 59, "model": "entrevista.entrevistaaspectohogar", "fields": {"person": 20, "estatus": "2", "tipo": "limpieza"}}, {"pk": 60, "model": "entrevista.entrevistaaspectohogar", "fields": {"person": 20, "estatus": "3", "tipo": "conservacion"}}, {"pk": 61, "model": "entrevista.entrevistaaspectohogar", "fields": {"person": 21, "estatus": "1", "tipo": "orden"}}, {"pk": 62, "model": "entrevista.entrevistaaspectohogar", "fields": {"person": 21, "estatus": "2", "tipo": "limpieza"}}, {"pk": 63, "model": "entrevista.entrevistaaspectohogar", "fields": {"person": 21, "estatus": "3", "tipo": "conservacion"}}, {"pk": 64, "model": "entrevista.entrevistaaspectohogar", "fields": {"person": 22, "estatus": "1", "tipo": "orden"}}, {"pk": 65, "model": "entrevista.entrevistaaspectohogar", "fields": {"person": 22, "estatus": "2", "tipo": "limpieza"}}, {"pk": 66, "model": "entrevista.entrevistaaspectohogar", "fields": {"person": 22, "estatus": "3", "tipo": "conservacion"}}, {"pk": 178, "model": "entrevista.entrevistaaspectohogar", "fields": {"person": 60, "estatus": "100", "tipo": "orden"}}, {"pk": 179, "model": "entrevista.entrevistaaspectohogar", "fields": {"person": 60, "estatus": "90", "tipo": "limpieza"}}, {"pk": 180, "model": "entrevista.entrevistaaspectohogar", "fields": {"person": 60, "estatus": "85", "tipo": "conservacion"}}, {"pk": 66, "model": "entrevista.entrevistaaspectocandidato", "fields": {"person": 14, "estatus": "**", "tipo": "disponibilidad"}}, {"pk": 67, "model": "entrevista.entrevistaaspectocandidato", "fields": {"person": 14, "estatus": "*", "tipo": "puntualidad"}}, {"pk": 68, "model": "entrevista.entrevistaaspectocandidato", "fields": {"person": 14, "estatus": "**", "tipo": "apariencia_fisica"}}, {"pk": 69, "model": "entrevista.entrevistaaspectocandidato", "fields": {"person": 14, "estatus": "*", "tipo": "colaboracion"}}, {"pk": 70, "model": "entrevista.entrevistaaspectocandidato", "fields": {"person": 14, "estatus": "*", "tipo": "actitud"}}, {"pk": 76, "model": "entrevista.entrevistaaspectocandidato", "fields": {"person": 16, "estatus": "**", "tipo": "disponibilidad"}}, {"pk": 77, "model": "entrevista.entrevistaaspectocandidato", "fields": {"person": 16, "estatus": "*", "tipo": "puntualidad"}}, {"pk": 78, "model": "entrevista.entrevistaaspectocandidato", "fields": {"person": 16, "estatus": "**", "tipo": "apariencia_fisica"}}, {"pk": 79, "model": "entrevista.entrevistaaspectocandidato", "fields": {"person": 16, "estatus": "*", "tipo": "colaboracion"}}, {"pk": 80, "model": "entrevista.entrevistaaspectocandidato", "fields": {"person": 16, "estatus": "*", "tipo": "actitud"}}, {"pk": 96, "model": "entrevista.entrevistaaspectocandidato", "fields": {"person": 20, "estatus": "4", "tipo": "disponibilidad"}}, {"pk": 97, "model": "entrevista.entrevistaaspectocandidato", "fields": {"person": 20, "estatus": "5", "tipo": "puntualidad"}}, {"pk": 98, "model": "entrevista.entrevistaaspectocandidato", "fields": {"person": 20, "estatus": "6", "tipo": "apariencia_fisica"}}, {"pk": 99, "model": "entrevista.entrevistaaspectocandidato", "fields": {"person": 20, "estatus": "7", "tipo": "colaboracion"}}, {"pk": 100, "model": "entrevista.entrevistaaspectocandidato", "fields": {"person": 20, "estatus": "8", "tipo": "actitud"}}, {"pk": 101, "model": "entrevista.entrevistaaspectocandidato", "fields": {"person": 21, "estatus": "4", "tipo": "disponibilidad"}}, {"pk": 102, "model": "entrevista.entrevistaaspectocandidato", "fields": {"person": 21, "estatus": "5", "tipo": "puntualidad"}}, {"pk": 103, "model": "entrevista.entrevistaaspectocandidato", "fields": {"person": 21, "estatus": "6", "tipo": "apariencia_fisica"}}, {"pk": 104, "model": "entrevista.entrevistaaspectocandidato", "fields": {"person": 21, "estatus": "7", "tipo": "colaboracion"}}, {"pk": 105, "model": "entrevista.entrevistaaspectocandidato", "fields": {"person": 21, "estatus": "8", "tipo": "actitud"}}, {"pk": 106, "model": "entrevista.entrevistaaspectocandidato", "fields": {"person": 22, "estatus": "4", "tipo": "disponibilidad"}}, {"pk": 107, "model": "entrevista.entrevistaaspectocandidato", "fields": {"person": 22, "estatus": "5", "tipo": "puntualidad"}}, {"pk": 108, "model": "entrevista.entrevistaaspectocandidato", "fields": {"person": 22, "estatus": "6", "tipo": "apariencia_fisica"}}, {"pk": 109, "model": "entrevista.entrevistaaspectocandidato", "fields": {"person": 22, "estatus": "7", "tipo": "colaboracion"}}, {"pk": 110, "model": "entrevista.entrevistaaspectocandidato", "fields": {"person": 22, "estatus": "8", "tipo": "actitud"}}, {"pk": 296, "model": "entrevista.entrevistaaspectocandidato", "fields": {"person": 60, "estatus": "80", "tipo": "disponibilidad"}}, {"pk": 297, "model": "entrevista.entrevistaaspectocandidato", "fields": {"person": 60, "estatus": "75", "tipo": "puntualidad"}}, {"pk": 298, "model": "entrevista.entrevistaaspectocandidato", "fields": {"person": 60, "estatus": "70", "tipo": "apariencia_fisica"}}, {"pk": 299, "model": "entrevista.entrevistaaspectocandidato", "fields": {"person": 60, "estatus": "65", "tipo": "colaboracion"}}, {"pk": 300, "model": "entrevista.entrevistaaspectocandidato", "fields": {"person": 60, "estatus": "60", "tipo": "actitud"}}]