[{"pk": 1, "model": "persona.persona", "fields": {"edad": null, "pasaporte": null, "fecha_matrimonio": null, "estatus": true, "curp": "07", "smn": null, "malos_terminos": 2, "tiempo_radicando": null, "medio_utilizado": null, "religion": null, "rfc": null, "ife": null, "nombre": "MARCOS  MURCIA MARIN", "estado_civil": 0, "nss": "21078706088ddd", "email": "04@CONTAKTO.MX", "fecha_registro": "2015-07-15"}}, {"pk": 2, "model": "persona.persona", "fields": {"edad": null, "pasaporte": null, "fecha_matrimonio": null, "estatus": true, "curp": "1234564564545456645645655", "smn": null, "malos_terminos": 2, "tiempo_radicando": null, "medio_utilizado": null, "religion": null, "rfc": null, "ife": null, "nombre": "ALEXANDER TERRIQUEZ MORALES", "estado_civil": 0, "nss": "25977811303", "email": "ALEXANDERTM@HOTMAIL.COM", "fecha_registro": "2015-07-17"}}, {"pk": 3, "model": "persona.persona", "fields": {"edad": null, "pasaporte": null, "fecha_matrimonio": null, "estatus": true, "curp": "", "smn": null, "malos_terminos": 0, "tiempo_radicando": null, "medio_utilizado": null, "religion": null, "rfc": null, "ife": null, "nombre": "ANDRES GAMEZ RAMIREZ", "estado_civil": 0, "nss": "21109019014", "email": "A.G.R_619@HOTMAIL.COM", "fecha_registro": "2015-07-17"}}, {"pk": 4, "model": "persona.persona", "fields": {"edad": 1, "pasaporte": null, "fecha_matrimonio": null, "estatus": true, "curp": "", "smn": null, "malos_terminos": 0, "tiempo_radicando": null, "medio_utilizado": null, "religion": null, "rfc": null, "ife": null, "nombre": "carlis", "estado_civil": 0, "nss": "7856", "email": "", "fecha_registro": "2015-05-11"}}, {"pk": 5, "model": "persona.persona", "fields": {"edad": 1, "pasaporte": null, "fecha_matrimonio": null, "estatus": true, "curp": "", "smn": null, "malos_terminos": 0, "tiempo_radicando": null, "medio_utilizado": null, "religion": null, "rfc": null, "ife": null, "nombre": "asdasdas", "estado_civil": 0, "nss": "67456456456", "email": "", "fecha_registro": "2015-07-15"}}, {"pk": 6, "model": "persona.persona", "fields": {"edad": null, "pasaporte": null, "fecha_matrimonio": null, "estatus": true, "curp": "dddddddddddddddd", "smn": null, "malos_terminos": 0, "tiempo_radicando": null, "medio_utilizado": null, "religion": null, "rfc": null, "ife": null, "nombre": "JUAN CARLOS VARGAS", "estado_civil": 0, "nss": "8968", "email": "", "fecha_registro": "2015-07-15"}}, {"pk": 7, "model": "persona.persona", "fields": {"edad": 27, "pasaporte": null, "fecha_matrimonio": null, "estatus": true, "curp": "", "smn": null, "malos_terminos": 0, "tiempo_radicando": null, "medio_utilizado": null, "religion": null, "rfc": null, "ife": null, "nombre": "Prueberio", "estado_civil": 0, "nss": "123", "email": "", "fecha_registro": "2015-07-22"}}, {"pk": 8, "model": "persona.persona", "fields": {"edad": 0, "pasaporte": null, "fecha_matrimonio": null, "estatus": true, "curp": "paldi3323949asdf", "smn": null, "malos_terminos": 0, "tiempo_radicando": null, "medio_utilizado": null, "religion": null, "rfc": null, "ife": null, "nombre": "pedro", "estado_civil": 0, "nss": "", "email": "", "fecha_registro": "2015-06-22"}}, {"pk": 9, "model": "persona.persona", "fields": {"edad": 1, "pasaporte": null, "fecha_matrimonio": null, "estatus": true, "curp": "", "smn": null, "malos_terminos": 0, "tiempo_radicando": null, "medio_utilizado": null, "religion": null, "rfc": null, "ife": null, "nombre": "AAAAAAAA", "estado_civil": 0, "nss": "454545", "email": "", "fecha_registro": "2015-07-15"}}, {"pk": 10, "model": "persona.persona", "fields": {"edad": 2, "pasaporte": null, "fecha_matrimonio": null, "estatus": true, "curp": "", "smn": null, "malos_terminos": 0, "tiempo_radicando": null, "medio_utilizado": null, "religion": null, "rfc": null, "ife": null, "nombre": "vbbbbbbb", "estado_civil": 0, "nss": "46767456", "email": "", "fecha_registro": "2015-07-15"}}, {"pk": 11, "model": "persona.persona", "fields": {"edad": null, "pasaporte": null, "fecha_matrimonio": null, "estatus": true, "curp": "", "smn": null, "malos_terminos": 0, "tiempo_radicando": null, "medio_utilizado": null, "religion": null, "rfc": null, "ife": null, "nombre": "ALFREDO GARCIA", "estado_civil": 0, "nss": "585666", "email": "", "fecha_registro": "2015-07-15"}}, {"pk": 12, "model": "persona.persona", "fields": {"edad": 30, "pasaporte": null, "fecha_matrimonio": null, "estatus": true, "curp": "", "smn": null, "malos_terminos": 0, "tiempo_radicando": null, "medio_utilizado": null, "religion": null, "rfc": null, "ife": null, "nombre": "JCVC", "estado_civil": 0, "nss": "8548784", "email": "", "fecha_registro": "2015-07-17"}}, {"pk": 13, "model": "persona.persona", "fields": {"edad": 1, "pasaporte": null, "fecha_matrimonio": null, "estatus": true, "curp": "", "smn": null, "malos_terminos": 0, "tiempo_radicando": null, "medio_utilizado": null, "religion": null, "rfc": null, "ife": null, "nombre": "HHHHHHHH", "estado_civil": 0, "nss": "789786456", "email": "", "fecha_registro": "2015-07-17"}}, {"pk": 14, "model": "persona.persona", "fields": {"edad": 1, "pasaporte": null, "fecha_matrimonio": null, "estatus": true, "curp": "", "smn": null, "malos_terminos": 0, "tiempo_radicando": null, "medio_utilizado": null, "religion": null, "rfc": null, "ife": null, "nombre": "Rafael Estrada Garcia Andrade", "estado_civil": 0, "nss": "5454892156", "email": "", "fecha_registro": "2015-07-17"}}, {"pk": 15, "model": "persona.persona", "fields": {"edad": null, "pasaporte": null, "fecha_matrimonio": null, "estatus": true, "curp": "", "smn": null, "malos_terminos": 0, "tiempo_radicando": null, "medio_utilizado": null, "religion": null, "rfc": null, "ife": null, "nombre": "Areceli Irene Chamerry Alvarado", "estado_civil": 0, "nss": "12548657423", "email": "", "fecha_registro": "2015-07-17"}}, {"pk": 16, "model": "persona.persona", "fields": {"edad": null, "pasaporte": null, "fecha_matrimonio": null, "estatus": true, "curp": "", "smn": null, "malos_terminos": 0, "tiempo_radicando": null, "medio_utilizado": null, "religion": null, "rfc": null, "ife": null, "nombre": "qqqqqqqqqqqqqqqq", "estado_civil": 0, "nss": "564546+456+", "email": "", "fecha_registro": "2015-07-17"}}, {"pk": 17, "model": "persona.persona", "fields": {"edad": null, "pasaporte": null, "fecha_matrimonio": null, "estatus": true, "curp": "", "smn": null, "malos_terminos": 0, "tiempo_radicando": null, "medio_utilizado": null, "religion": null, "rfc": null, "ife": null, "nombre": "Dulce Mendoza", "estado_civil": 0, "nss": "756456456", "email": "", "fecha_registro": "2015-07-17"}}, {"pk": 18, "model": "persona.persona", "fields": {"edad": null, "pasaporte": null, "fecha_matrimonio": null, "estatus": true, "curp": "", "smn": null, "malos_terminos": 0, "tiempo_radicando": null, "medio_utilizado": null, "religion": null, "rfc": null, "ife": null, "nombre": "carlos estrada", "estado_civil": 0, "nss": "787987978798", "email": "", "fecha_registro": "2015-07-17"}}, {"pk": 19, "model": "persona.persona", "fields": {"edad": null, "pasaporte": null, "fecha_matrimonio": null, "estatus": true, "curp": "", "smn": null, "malos_terminos": 0, "tiempo_radicando": null, "medio_utilizado": null, "religion": null, "rfc": null, "ife": null, "nombre": "Rosa Solis", "estado_civil": 0, "nss": "7851", "email": "", "fecha_registro": "2015-07-17"}}, {"pk": 20, "model": "persona.persona", "fields": {"edad": null, "pasaporte": null, "fecha_matrimonio": null, "estatus": true, "curp": "", "smn": null, "malos_terminos": 0, "tiempo_radicando": null, "medio_utilizado": null, "religion": null, "rfc": null, "ife": null, "nombre": "Arturo Leon", "estado_civil": 0, "nss": "7854564", "email": "", "fecha_registro": "2015-07-17"}}, {"pk": 21, "model": "persona.persona", "fields": {"edad": null, "pasaporte": null, "fecha_matrimonio": null, "estatus": true, "curp": "", "smn": null, "malos_terminos": 0, "tiempo_radicando": null, "medio_utilizado": null, "religion": null, "rfc": null, "ife": null, "nombre": "Nathalia Fernandez Rojas", "estado_civil": 0, "nss": "858585588", "email": "", "fecha_registro": "2015-07-17"}}, {"pk": 22, "model": "persona.persona", "fields": {"edad": null, "pasaporte": null, "fecha_matrimonio": null, "estatus": true, "curp": "LOSDFJSHDFKJGSKSDG", "smn": null, "malos_terminos": 0, "tiempo_radicando": null, "medio_utilizado": null, "religion": null, "rfc": null, "ife": null, "nombre": "\u00c1NGEL GENARO LOPEZ ", "estado_civil": 0, "nss": "00000001", "email": "", "fecha_registro": "2015-07-17"}}, {"pk": 23, "model": "persona.persona", "fields": {"edad": 2, "pasaporte": null, "fecha_matrimonio": null, "estatus": true, "curp": "vacj830713sas554545", "smn": null, "malos_terminos": 2, "tiempo_radicando": null, "medio_utilizado": null, "religion": null, "rfc": null, "ife": null, "nombre": "Juan Carlos Vargas Cordero", "estado_civil": 0, "nss": "11111111111", "email": "streck182@hotmail.com", "fecha_registro": "2015-07-22"}}, {"pk": 24, "model": "persona.persona", "fields": {"edad": null, "pasaporte": null, "fecha_matrimonio": null, "estatus": true, "curp": "", "smn": null, "malos_terminos": 0, "tiempo_radicando": null, "medio_utilizado": null, "religion": null, "rfc": null, "ife": null, "nombre": "JUAN CARLOS VARGAS CORDERO", "estado_civil": 0, "nss": "22222222222", "email": "", "fecha_registro": "2015-07-22"}}, {"pk": 25, "model": "persona.persona", "fields": {"edad": null, "pasaporte": null, "fecha_matrimonio": null, "estatus": true, "curp": "", "smn": null, "malos_terminos": 0, "tiempo_radicando": null, "medio_utilizado": null, "religion": null, "rfc": null, "ife": null, "nombre": "sdasdasd", "estado_civil": 0, "nss": "123456", "email": "", "fecha_registro": "2015-07-22"}}, {"pk": 1, "model": "persona.telefono", "fields": {"categoria": "casa", "parentesco": null, "persona": 1, "numero": "(012) 22"}}, {"pk": 2, "model": "persona.telefono", "fields": {"categoria": "movil", "parentesco": null, "persona": 1, "numero": "(02"}}, {"pk": 3, "model": "persona.telefono", "fields": {"categoria": "recado", "parentesco": null, "persona": 1, "numero": "(03"}}, {"pk": 4, "model": "persona.telefono", "fields": {"categoria": "casa", "parentesco": null, "persona": 2, "numero": "(664) 638-6324"}}, {"pk": 5, "model": "persona.telefono", "fields": {"categoria": "movil", "parentesco": null, "persona": 2, "numero": "(664) 198-5575"}}, {"pk": 6, "model": "persona.telefono", "fields": {"categoria": "recado", "parentesco": null, "persona": 2, "numero": ""}}, {"pk": 7, "model": "persona.telefono", "fields": {"categoria": "casa", "parentesco": null, "persona": 3, "numero": "(664) 626-7791"}}, {"pk": 8, "model": "persona.telefono", "fields": {"categoria": "movil", "parentesco": null, "persona": 3, "numero": "(664) 665-0340"}}, {"pk": 9, "model": "persona.telefono", "fields": {"categoria": "recado", "parentesco": null, "persona": 3, "numero": ""}}, {"pk": 10, "model": "persona.telefono", "fields": {"categoria": "casa", "parentesco": null, "persona": 4, "numero": ""}}, {"pk": 11, "model": "persona.telefono", "fields": {"categoria": "movil", "parentesco": null, "persona": 4, "numero": ""}}, {"pk": 12, "model": "persona.telefono", "fields": {"categoria": "recado", "parentesco": null, "persona": 4, "numero": ""}}, {"pk": 13, "model": "persona.telefono", "fields": {"categoria": "casa", "parentesco": null, "persona": 5, "numero": ""}}, {"pk": 14, "model": "persona.telefono", "fields": {"categoria": "movil", "parentesco": null, "persona": 5, "numero": ""}}, {"pk": 15, "model": "persona.telefono", "fields": {"categoria": "recado", "parentesco": null, "persona": 5, "numero": ""}}, {"pk": 16, "model": "persona.telefono", "fields": {"categoria": "casa", "parentesco": null, "persona": 6, "numero": ""}}, {"pk": 17, "model": "persona.telefono", "fields": {"categoria": "movil", "parentesco": null, "persona": 6, "numero": ""}}, {"pk": 18, "model": "persona.telefono", "fields": {"categoria": "recado", "parentesco": null, "persona": 6, "numero": ""}}, {"pk": 19, "model": "persona.telefono", "fields": {"categoria": "casa", "parentesco": null, "persona": 7, "numero": ""}}, {"pk": 20, "model": "persona.telefono", "fields": {"categoria": "movil", "parentesco": null, "persona": 7, "numero": ""}}, {"pk": 21, "model": "persona.telefono", "fields": {"categoria": "recado", "parentesco": null, "persona": 7, "numero": ""}}, {"pk": 22, "model": "persona.telefono", "fields": {"categoria": "casa", "parentesco": null, "persona": 8, "numero": ""}}, {"pk": 23, "model": "persona.telefono", "fields": {"categoria": "movil", "parentesco": null, "persona": 8, "numero": ""}}, {"pk": 24, "model": "persona.telefono", "fields": {"categoria": "recado", "parentesco": null, "persona": 8, "numero": ""}}, {"pk": 25, "model": "persona.telefono", "fields": {"categoria": "casa", "parentesco": null, "persona": 9, "numero": ""}}, {"pk": 26, "model": "persona.telefono", "fields": {"categoria": "movil", "parentesco": null, "persona": 9, "numero": ""}}, {"pk": 27, "model": "persona.telefono", "fields": {"categoria": "recado", "parentesco": null, "persona": 9, "numero": ""}}, {"pk": 28, "model": "persona.telefono", "fields": {"categoria": "casa", "parentesco": null, "persona": 10, "numero": ""}}, {"pk": 29, "model": "persona.telefono", "fields": {"categoria": "movil", "parentesco": null, "persona": 10, "numero": ""}}, {"pk": 30, "model": "persona.telefono", "fields": {"categoria": "recado", "parentesco": null, "persona": 10, "numero": ""}}, {"pk": 31, "model": "persona.telefono", "fields": {"categoria": "casa", "parentesco": null, "persona": 11, "numero": "(624) 645-8544"}}, {"pk": 32, "model": "persona.telefono", "fields": {"categoria": "movil", "parentesco": null, "persona": 11, "numero": "(664) 818"}}, {"pk": 33, "model": "persona.telefono", "fields": {"categoria": "recado", "parentesco": null, "persona": 11, "numero": ""}}, {"pk": 34, "model": "persona.telefono", "fields": {"categoria": "casa", "parentesco": null, "persona": 12, "numero": ""}}, {"pk": 35, "model": "persona.telefono", "fields": {"categoria": "movil", "parentesco": null, "persona": 12, "numero": ""}}, {"pk": 36, "model": "persona.telefono", "fields": {"categoria": "recado", "parentesco": null, "persona": 12, "numero": ""}}, {"pk": 37, "model": "persona.telefono", "fields": {"categoria": "casa", "parentesco": null, "persona": 13, "numero": ""}}, {"pk": 38, "model": "persona.telefono", "fields": {"categoria": "movil", "parentesco": null, "persona": 13, "numero": ""}}, {"pk": 39, "model": "persona.telefono", "fields": {"categoria": "recado", "parentesco": null, "persona": 13, "numero": ""}}, {"pk": 40, "model": "persona.telefono", "fields": {"categoria": "casa", "parentesco": null, "persona": 14, "numero": ""}}, {"pk": 41, "model": "persona.telefono", "fields": {"categoria": "movil", "parentesco": null, "persona": 14, "numero": ""}}, {"pk": 42, "model": "persona.telefono", "fields": {"categoria": "recado", "parentesco": null, "persona": 14, "numero": ""}}, {"pk": 43, "model": "persona.telefono", "fields": {"categoria": "casa", "parentesco": null, "persona": 15, "numero": ""}}, {"pk": 44, "model": "persona.telefono", "fields": {"categoria": "movil", "parentesco": null, "persona": 15, "numero": ""}}, {"pk": 45, "model": "persona.telefono", "fields": {"categoria": "recado", "parentesco": null, "persona": 15, "numero": ""}}, {"pk": 46, "model": "persona.telefono", "fields": {"categoria": "casa", "parentesco": null, "persona": 16, "numero": ""}}, {"pk": 47, "model": "persona.telefono", "fields": {"categoria": "movil", "parentesco": null, "persona": 16, "numero": ""}}, {"pk": 48, "model": "persona.telefono", "fields": {"categoria": "recado", "parentesco": null, "persona": 16, "numero": ""}}, {"pk": 49, "model": "persona.telefono", "fields": {"categoria": "casa", "parentesco": null, "persona": 17, "numero": ""}}, {"pk": 50, "model": "persona.telefono", "fields": {"categoria": "movil", "parentesco": null, "persona": 17, "numero": ""}}, {"pk": 51, "model": "persona.telefono", "fields": {"categoria": "recado", "parentesco": null, "persona": 17, "numero": ""}}, {"pk": 52, "model": "persona.telefono", "fields": {"categoria": "casa", "parentesco": null, "persona": 18, "numero": ""}}, {"pk": 53, "model": "persona.telefono", "fields": {"categoria": "movil", "parentesco": null, "persona": 18, "numero": ""}}, {"pk": 54, "model": "persona.telefono", "fields": {"categoria": "recado", "parentesco": null, "persona": 18, "numero": ""}}, {"pk": 55, "model": "persona.telefono", "fields": {"categoria": "casa", "parentesco": null, "persona": 19, "numero": ""}}, {"pk": 56, "model": "persona.telefono", "fields": {"categoria": "movil", "parentesco": null, "persona": 19, "numero": ""}}, {"pk": 57, "model": "persona.telefono", "fields": {"categoria": "recado", "parentesco": null, "persona": 19, "numero": ""}}, {"pk": 58, "model": "persona.telefono", "fields": {"categoria": "casa", "parentesco": null, "persona": 20, "numero": ""}}, {"pk": 59, "model": "persona.telefono", "fields": {"categoria": "movil", "parentesco": null, "persona": 20, "numero": ""}}, {"pk": 60, "model": "persona.telefono", "fields": {"categoria": "recado", "parentesco": null, "persona": 20, "numero": ""}}, {"pk": 61, "model": "persona.telefono", "fields": {"categoria": "casa", "parentesco": null, "persona": 21, "numero": ""}}, {"pk": 62, "model": "persona.telefono", "fields": {"categoria": "movil", "parentesco": null, "persona": 21, "numero": ""}}, {"pk": 63, "model": "persona.telefono", "fields": {"categoria": "recado", "parentesco": null, "persona": 21, "numero": ""}}, {"pk": 64, "model": "persona.telefono", "fields": {"categoria": "casa", "parentesco": null, "persona": 22, "numero": "(664) 234-665"}}, {"pk": 65, "model": "persona.telefono", "fields": {"categoria": "movil", "parentesco": null, "persona": 22, "numero": ""}}, {"pk": 66, "model": "persona.telefono", "fields": {"categoria": "recado", "parentesco": null, "persona": 22, "numero": ""}}, {"pk": 67, "model": "persona.telefono", "fields": {"categoria": "casa", "parentesco": null, "persona": 23, "numero": "(664) 624-7345"}}, {"pk": 68, "model": "persona.telefono", "fields": {"categoria": "movil", "parentesco": null, "persona": 23, "numero": "(664) 217-4000"}}, {"pk": 69, "model": "persona.telefono", "fields": {"categoria": "recado", "parentesco": null, "persona": 23, "numero": ""}}, {"pk": 70, "model": "persona.telefono", "fields": {"categoria": "casa", "parentesco": null, "persona": 24, "numero": ""}}, {"pk": 71, "model": "persona.telefono", "fields": {"categoria": "movil", "parentesco": null, "persona": 24, "numero": ""}}, {"pk": 72, "model": "persona.telefono", "fields": {"categoria": "recado", "parentesco": null, "persona": 24, "numero": ""}}, {"pk": 73, "model": "persona.telefono", "fields": {"categoria": "casa", "parentesco": null, "persona": 25, "numero": ""}}, {"pk": 74, "model": "persona.telefono", "fields": {"categoria": "movil", "parentesco": null, "persona": 25, "numero": ""}}, {"pk": 75, "model": "persona.telefono", "fields": {"categoria": "recado", "parentesco": null, "persona": 25, "numero": ""}}, {"pk": 1, "model": "persona.direccion", "fields": {"persona": 1, "colonia": "09", "calle": "08", "ciudad": "011", "cp": "01", "estado": "Baja California"}}, {"pk": 2, "model": "persona.direccion", "fields": {"persona": 2, "colonia": "HIDALGO", "calle": "22 DE JULIO #2924", "ciudad": "TIJUANA", "cp": "22110", "estado": "Baja California"}}, {"pk": 3, "model": "persona.direccion", "fields": {"persona": 3, "colonia": "", "calle": "", "ciudad": "", "cp": "", "estado": "Baja California"}}, {"pk": 4, "model": "persona.direccion", "fields": {"persona": 4, "colonia": "", "calle": "", "ciudad": "", "cp": "", "estado": "Baja California"}}, {"pk": 5, "model": "persona.direccion", "fields": {"persona": 5, "colonia": "", "calle": "", "ciudad": "", "cp": "", "estado": "Baja California"}}, {"pk": 6, "model": "persona.direccion", "fields": {"persona": 6, "colonia": "", "calle": "", "ciudad": "", "cp": "", "estado": "Baja California"}}, {"pk": 7, "model": "persona.direccion", "fields": {"persona": 7, "colonia": "", "calle": "", "ciudad": "", "cp": "", "estado": "Baja California"}}, {"pk": 8, "model": "persona.direccion", "fields": {"persona": 8, "colonia": "", "calle": "", "ciudad": "", "cp": "", "estado": "Baja California"}}, {"pk": 9, "model": "persona.direccion", "fields": {"persona": 9, "colonia": "", "calle": "", "ciudad": "", "cp": "", "estado": "Baja California"}}, {"pk": 10, "model": "persona.direccion", "fields": {"persona": 10, "colonia": "", "calle": "", "ciudad": "", "cp": "", "estado": "Baja California"}}, {"pk": 11, "model": "persona.direccion", "fields": {"persona": 11, "colonia": "", "calle": "", "ciudad": "", "cp": "", "estado": "Baja California"}}, {"pk": 12, "model": "persona.direccion", "fields": {"persona": 12, "colonia": "", "calle": "", "ciudad": "", "cp": "", "estado": "Baja California"}}, {"pk": 13, "model": "persona.direccion", "fields": {"persona": 13, "colonia": "", "calle": "", "ciudad": "", "cp": "", "estado": "Baja California"}}, {"pk": 14, "model": "persona.direccion", "fields": {"persona": 14, "colonia": "", "calle": "", "ciudad": "", "cp": "", "estado": "Baja California"}}, {"pk": 15, "model": "persona.direccion", "fields": {"persona": 15, "colonia": "", "calle": "", "ciudad": "", "cp": "", "estado": "Baja California"}}, {"pk": 16, "model": "persona.direccion", "fields": {"persona": 16, "colonia": "", "calle": "", "ciudad": "", "cp": "", "estado": "Baja California"}}, {"pk": 17, "model": "persona.direccion", "fields": {"persona": 17, "colonia": "", "calle": "", "ciudad": "", "cp": "", "estado": "Baja California"}}, {"pk": 18, "model": "persona.direccion", "fields": {"persona": 18, "colonia": "", "calle": "", "ciudad": "", "cp": "", "estado": "Baja California"}}, {"pk": 19, "model": "persona.direccion", "fields": {"persona": 19, "colonia": "", "calle": "", "ciudad": "", "cp": "", "estado": "Baja California"}}, {"pk": 20, "model": "persona.direccion", "fields": {"persona": 20, "colonia": "", "calle": "", "ciudad": "", "cp": "", "estado": "Baja California"}}, {"pk": 21, "model": "persona.direccion", "fields": {"persona": 21, "colonia": "", "calle": "", "ciudad": "", "cp": "", "estado": "Baja California"}}, {"pk": 22, "model": "persona.direccion", "fields": {"persona": 22, "colonia": "", "calle": "", "ciudad": "", "cp": "", "estado": "Baja California"}}, {"pk": 23, "model": "persona.direccion", "fields": {"persona": 23, "colonia": "San Marino", "calle": "Sasari #12809", "ciudad": "Tijuana", "cp": "***", "estado": "Baja California"}}, {"pk": 24, "model": "persona.direccion", "fields": {"persona": 24, "colonia": "", "calle": "", "ciudad": "", "cp": "", "estado": "Baja California"}}, {"pk": 25, "model": "persona.direccion", "fields": {"persona": 25, "colonia": "", "calle": "", "ciudad": "", "cp": "", "estado": "Baja California"}}, {"pk": 1, "model": "persona.prestacionvivienda", "fields": {"persona": 1, "uso": null, "fecha_tramite": null, "categoria_viv": "infonavit", "activo": 1, "numero_credito": "12"}}, {"pk": 2, "model": "persona.prestacionvivienda", "fields": {"persona": 1, "uso": null, "fecha_tramite": null, "categoria_viv": "fonacot", "activo": 1, "numero_credito": "34"}}, {"pk": 3, "model": "persona.prestacionvivienda", "fields": {"persona": 2, "uso": null, "fecha_tramite": null, "categoria_viv": "infonavit", "activo": 2, "numero_credito": "***"}}, {"pk": 4, "model": "persona.prestacionvivienda", "fields": {"persona": 2, "uso": null, "fecha_tramite": null, "categoria_viv": "fonacot", "activo": 1, "numero_credito": "***"}}, {"pk": 5, "model": "persona.prestacionvivienda", "fields": {"persona": 3, "uso": null, "fecha_tramite": null, "categoria_viv": "infonavit", "activo": 0, "numero_credito": ""}}, {"pk": 6, "model": "persona.prestacionvivienda", "fields": {"persona": 3, "uso": null, "fecha_tramite": null, "categoria_viv": "fonacot", "activo": 0, "numero_credito": ""}}, {"pk": 7, "model": "persona.prestacionvivienda", "fields": {"persona": 4, "uso": null, "fecha_tramite": null, "categoria_viv": "infonavit", "activo": 0, "numero_credito": ""}}, {"pk": 8, "model": "persona.prestacionvivienda", "fields": {"persona": 4, "uso": null, "fecha_tramite": null, "categoria_viv": "fonacot", "activo": 0, "numero_credito": ""}}, {"pk": 9, "model": "persona.prestacionvivienda", "fields": {"persona": 5, "uso": null, "fecha_tramite": null, "categoria_viv": "infonavit", "activo": 0, "numero_credito": ""}}, {"pk": 10, "model": "persona.prestacionvivienda", "fields": {"persona": 5, "uso": null, "fecha_tramite": null, "categoria_viv": "fonacot", "activo": 0, "numero_credito": ""}}, {"pk": 11, "model": "persona.prestacionvivienda", "fields": {"persona": 6, "uso": null, "fecha_tramite": null, "categoria_viv": "infonavit", "activo": 0, "numero_credito": ""}}, {"pk": 12, "model": "persona.prestacionvivienda", "fields": {"persona": 6, "uso": null, "fecha_tramite": null, "categoria_viv": "fonacot", "activo": 0, "numero_credito": ""}}, {"pk": 13, "model": "persona.prestacionvivienda", "fields": {"persona": 7, "uso": null, "fecha_tramite": null, "categoria_viv": "infonavit", "activo": 0, "numero_credito": ""}}, {"pk": 14, "model": "persona.prestacionvivienda", "fields": {"persona": 7, "uso": null, "fecha_tramite": null, "categoria_viv": "fonacot", "activo": 0, "numero_credito": ""}}, {"pk": 15, "model": "persona.prestacionvivienda", "fields": {"persona": 8, "uso": null, "fecha_tramite": null, "categoria_viv": "infonavit", "activo": 0, "numero_credito": ""}}, {"pk": 16, "model": "persona.prestacionvivienda", "fields": {"persona": 8, "uso": null, "fecha_tramite": null, "categoria_viv": "fonacot", "activo": 0, "numero_credito": ""}}, {"pk": 17, "model": "persona.prestacionvivienda", "fields": {"persona": 9, "uso": null, "fecha_tramite": null, "categoria_viv": "infonavit", "activo": 0, "numero_credito": ""}}, {"pk": 18, "model": "persona.prestacionvivienda", "fields": {"persona": 9, "uso": null, "fecha_tramite": null, "categoria_viv": "fonacot", "activo": 0, "numero_credito": ""}}, {"pk": 19, "model": "persona.prestacionvivienda", "fields": {"persona": 10, "uso": null, "fecha_tramite": null, "categoria_viv": "infonavit", "activo": 0, "numero_credito": ""}}, {"pk": 20, "model": "persona.prestacionvivienda", "fields": {"persona": 10, "uso": null, "fecha_tramite": null, "categoria_viv": "fonacot", "activo": 0, "numero_credito": ""}}, {"pk": 21, "model": "persona.prestacionvivienda", "fields": {"persona": 11, "uso": null, "fecha_tramite": null, "categoria_viv": "infonavit", "activo": 0, "numero_credito": ""}}, {"pk": 22, "model": "persona.prestacionvivienda", "fields": {"persona": 11, "uso": null, "fecha_tramite": null, "categoria_viv": "fonacot", "activo": 0, "numero_credito": ""}}, {"pk": 23, "model": "persona.prestacionvivienda", "fields": {"persona": 12, "uso": null, "fecha_tramite": null, "categoria_viv": "infonavit", "activo": 0, "numero_credito": ""}}, {"pk": 24, "model": "persona.prestacionvivienda", "fields": {"persona": 12, "uso": null, "fecha_tramite": null, "categoria_viv": "fonacot", "activo": 0, "numero_credito": ""}}, {"pk": 25, "model": "persona.prestacionvivienda", "fields": {"persona": 13, "uso": null, "fecha_tramite": null, "categoria_viv": "infonavit", "activo": 0, "numero_credito": ""}}, {"pk": 26, "model": "persona.prestacionvivienda", "fields": {"persona": 13, "uso": null, "fecha_tramite": null, "categoria_viv": "fonacot", "activo": 0, "numero_credito": ""}}, {"pk": 27, "model": "persona.prestacionvivienda", "fields": {"persona": 14, "uso": null, "fecha_tramite": null, "categoria_viv": "infonavit", "activo": 0, "numero_credito": ""}}, {"pk": 28, "model": "persona.prestacionvivienda", "fields": {"persona": 14, "uso": null, "fecha_tramite": null, "categoria_viv": "fonacot", "activo": 0, "numero_credito": ""}}, {"pk": 29, "model": "persona.prestacionvivienda", "fields": {"persona": 15, "uso": null, "fecha_tramite": null, "categoria_viv": "infonavit", "activo": 0, "numero_credito": ""}}, {"pk": 30, "model": "persona.prestacionvivienda", "fields": {"persona": 15, "uso": null, "fecha_tramite": null, "categoria_viv": "fonacot", "activo": 0, "numero_credito": ""}}, {"pk": 31, "model": "persona.prestacionvivienda", "fields": {"persona": 16, "uso": null, "fecha_tramite": null, "categoria_viv": "infonavit", "activo": 0, "numero_credito": ""}}, {"pk": 32, "model": "persona.prestacionvivienda", "fields": {"persona": 16, "uso": null, "fecha_tramite": null, "categoria_viv": "fonacot", "activo": 0, "numero_credito": ""}}, {"pk": 33, "model": "persona.prestacionvivienda", "fields": {"persona": 17, "uso": null, "fecha_tramite": null, "categoria_viv": "infonavit", "activo": 0, "numero_credito": ""}}, {"pk": 34, "model": "persona.prestacionvivienda", "fields": {"persona": 17, "uso": null, "fecha_tramite": null, "categoria_viv": "fonacot", "activo": 0, "numero_credito": ""}}, {"pk": 35, "model": "persona.prestacionvivienda", "fields": {"persona": 18, "uso": null, "fecha_tramite": null, "categoria_viv": "infonavit", "activo": 0, "numero_credito": ""}}, {"pk": 36, "model": "persona.prestacionvivienda", "fields": {"persona": 18, "uso": null, "fecha_tramite": null, "categoria_viv": "fonacot", "activo": 0, "numero_credito": ""}}, {"pk": 37, "model": "persona.prestacionvivienda", "fields": {"persona": 19, "uso": null, "fecha_tramite": null, "categoria_viv": "infonavit", "activo": 0, "numero_credito": ""}}, {"pk": 38, "model": "persona.prestacionvivienda", "fields": {"persona": 19, "uso": null, "fecha_tramite": null, "categoria_viv": "fonacot", "activo": 0, "numero_credito": ""}}, {"pk": 39, "model": "persona.prestacionvivienda", "fields": {"persona": 20, "uso": null, "fecha_tramite": null, "categoria_viv": "infonavit", "activo": 0, "numero_credito": ""}}, {"pk": 40, "model": "persona.prestacionvivienda", "fields": {"persona": 20, "uso": null, "fecha_tramite": null, "categoria_viv": "fonacot", "activo": 0, "numero_credito": ""}}, {"pk": 41, "model": "persona.prestacionvivienda", "fields": {"persona": 21, "uso": null, "fecha_tramite": null, "categoria_viv": "infonavit", "activo": 0, "numero_credito": ""}}, {"pk": 42, "model": "persona.prestacionvivienda", "fields": {"persona": 21, "uso": null, "fecha_tramite": null, "categoria_viv": "fonacot", "activo": 0, "numero_credito": ""}}, {"pk": 43, "model": "persona.prestacionvivienda", "fields": {"persona": 22, "uso": null, "fecha_tramite": null, "categoria_viv": "infonavit", "activo": 0, "numero_credito": ""}}, {"pk": 44, "model": "persona.prestacionvivienda", "fields": {"persona": 22, "uso": null, "fecha_tramite": null, "categoria_viv": "fonacot", "activo": 0, "numero_credito": ""}}, {"pk": 45, "model": "persona.prestacionvivienda", "fields": {"persona": 23, "uso": null, "fecha_tramite": null, "categoria_viv": "infonavit", "activo": 2, "numero_credito": "***"}}, {"pk": 46, "model": "persona.prestacionvivienda", "fields": {"persona": 23, "uso": null, "fecha_tramite": null, "categoria_viv": "fonacot", "activo": 2, "numero_credito": "***"}}, {"pk": 47, "model": "persona.prestacionvivienda", "fields": {"persona": 24, "uso": null, "fecha_tramite": null, "categoria_viv": "infonavit", "activo": 0, "numero_credito": ""}}, {"pk": 48, "model": "persona.prestacionvivienda", "fields": {"persona": 24, "uso": null, "fecha_tramite": null, "categoria_viv": "fonacot", "activo": 0, "numero_credito": ""}}, {"pk": 49, "model": "persona.prestacionvivienda", "fields": {"persona": 25, "uso": null, "fecha_tramite": null, "categoria_viv": "infonavit", "activo": 0, "numero_credito": ""}}, {"pk": 50, "model": "persona.prestacionvivienda", "fields": {"persona": 25, "uso": null, "fecha_tramite": null, "categoria_viv": "fonacot", "activo": 0, "numero_credito": ""}}, {"pk": 1, "model": "persona.origen", "fields": {"lugar": "05", "fecha": null, "persona": 1, "nacionalidad": "03"}}, {"pk": 2, "model": "persona.origen", "fields": {"lugar": "TIJUANA, BAJA CALIFORNIA", "fecha": null, "persona": 2, "nacionalidad": "MEXICANA"}}, {"pk": 3, "model": "persona.origen", "fields": {"lugar": "", "fecha": null, "persona": 3, "nacionalidad": ""}}, {"pk": 4, "model": "persona.origen", "fields": {"lugar": "", "fecha": "2015-05-13", "persona": 4, "nacionalidad": ""}}, {"pk": 5, "model": "persona.origen", "fields": {"lugar": "", "fecha": "2015-05-07", "persona": 5, "nacionalidad": ""}}, {"pk": 6, "model": "persona.origen", "fields": {"lugar": "", "fecha": null, "persona": 6, "nacionalidad": ""}}, {"pk": 7, "model": "persona.origen", "fields": {"lugar": "", "fecha": "1986-10-22", "persona": 7, "nacionalidad": ""}}, {"pk": 8, "model": "persona.origen", "fields": {"lugar": "", "fecha": "2015-07-03", "persona": 8, "nacionalidad": ""}}, {"pk": 9, "model": "persona.origen", "fields": {"lugar": "", "fecha": "2015-05-07", "persona": 9, "nacionalidad": ""}}, {"pk": 10, "model": "persona.origen", "fields": {"lugar": "", "fecha": "2015-06-26", "persona": 10, "nacionalidad": ""}}, {"pk": 11, "model": "persona.origen", "fields": {"lugar": "", "fecha": null, "persona": 11, "nacionalidad": ""}}, {"pk": 12, "model": "persona.origen", "fields": {"lugar": "", "fecha": "1983-07-20", "persona": 12, "nacionalidad": ""}}, {"pk": 13, "model": "persona.origen", "fields": {"lugar": "", "fecha": "2015-07-07", "persona": 13, "nacionalidad": ""}}, {"pk": 14, "model": "persona.origen", "fields": {"lugar": "", "fecha": "2015-07-15", "persona": 14, "nacionalidad": ""}}, {"pk": 15, "model": "persona.origen", "fields": {"lugar": "", "fecha": null, "persona": 15, "nacionalidad": ""}}, {"pk": 16, "model": "persona.origen", "fields": {"lugar": "", "fecha": null, "persona": 16, "nacionalidad": ""}}, {"pk": 17, "model": "persona.origen", "fields": {"lugar": "", "fecha": null, "persona": 17, "nacionalidad": ""}}, {"pk": 18, "model": "persona.origen", "fields": {"lugar": "", "fecha": null, "persona": 18, "nacionalidad": ""}}, {"pk": 19, "model": "persona.origen", "fields": {"lugar": "", "fecha": null, "persona": 19, "nacionalidad": ""}}, {"pk": 20, "model": "persona.origen", "fields": {"lugar": "", "fecha": null, "persona": 20, "nacionalidad": ""}}, {"pk": 21, "model": "persona.origen", "fields": {"lugar": "", "fecha": null, "persona": 21, "nacionalidad": ""}}, {"pk": 22, "model": "persona.origen", "fields": {"lugar": "HERMO, SONO", "fecha": null, "persona": 22, "nacionalidad": "MEXICA"}}, {"pk": 23, "model": "persona.origen", "fields": {"lugar": "Mazatlan, Sinaloa", "fecha": "2015-06-23", "persona": 23, "nacionalidad": "Mexicana"}}, {"pk": 24, "model": "persona.origen", "fields": {"lugar": "", "fecha": null, "persona": 24, "nacionalidad": ""}}, {"pk": 25, "model": "persona.origen", "fields": {"lugar": "", "fecha": null, "persona": 25, "nacionalidad": ""}}, {"pk": 1, "model": "persona.trayectorialaboral", "fields": {"status": true, "observaciones_generales": "ACTUALMENTE SE ENCUENTRA ACTIVO EN LA EMPRESA", "sueldo_inicial": "CONFIDENCIAL", "sueldo_final": "CONFIDENCIAL", "aportaciones_fecha_final": "2015-05-07", "funciones": "CAPTURAR FORMATOS", "jefe_inmediato": "***", "aparece_nss": 1, "compania": 56, "puesto_inicial": "CAPTURISTA", "persona": 1, "carta_laboral": 2, "cumplio_objetivos": "SI", "periodo_alta": "01/11/2014", "puesto_final": "CAPTURISTA", "periodo_baja": "07/05/2015", "aportaciones_fecha_inicial": "2014-11-01", "carta_laboral_expide": "****", "motivo_salida": "1", "manejo_valores": 2, "reporta_candidato": 1, "no_personas_cargo": "***", "afiliado_sindicato": 2, "visible_en_status": true, "jefe_inmediato_puesto": "***", "recontratable": "SI ES RECONTRATABLE", "terminada": true}}, {"pk": 2, "model": "persona.trayectorialaboral", "fields": {"status": true, "observaciones_generales": "NO SE LOCALIZARON DATOS DE LA EMPRESA", "sueldo_inicial": "", "sueldo_final": "", "aportaciones_fecha_final": null, "funciones": "", "jefe_inmediato": "", "aparece_nss": 0, "compania": 57, "puesto_inicial": "", "persona": 1, "carta_laboral": 0, "cumplio_objetivos": "", "periodo_alta": "", "puesto_final": "", "periodo_baja": "", "aportaciones_fecha_inicial": null, "carta_laboral_expide": "", "motivo_salida": null, "manejo_valores": 0, "reporta_candidato": 0, "no_personas_cargo": "", "afiliado_sindicato": 0, "visible_en_status": true, "jefe_inmediato_puesto": "", "recontratable": "", "terminada": true}}, {"pk": 3, "model": "persona.trayectorialaboral", "fields": {"status": true, "observaciones_generales": "SALIO POR RENUNCIA VOLUNTARIA Y ES RECOMENDADO DEBIDO A QUE CUMPLI\u00d3 CON TODAS LAS FUNCIONES SOLICITADAS", "sueldo_inicial": "CONFIDENCIAL", "sueldo_final": "CONFIDENCIAL", "aportaciones_fecha_final": "2014-01-08", "funciones": "***", "jefe_inmediato": "***", "aparece_nss": 2, "compania": 58, "puesto_inicial": "AUX. DE ALMACEN", "persona": 1, "carta_laboral": 2, "cumplio_objetivos": "***", "periodo_alta": "", "puesto_final": "AUX. DE ALMACEN", "periodo_baja": "", "aportaciones_fecha_inicial": "2012-11-27", "carta_laboral_expide": "***", "motivo_salida": "0", "manejo_valores": 2, "reporta_candidato": 1, "no_personas_cargo": "0", "afiliado_sindicato": 2, "visible_en_status": false, "jefe_inmediato_puesto": "***", "recontratable": "SI ES RECONTRATABLE", "terminada": true}}, {"pk": 4, "model": "persona.trayectorialaboral", "fields": {"status": true, "observaciones_generales": "TRABAJO EN DOS PERIODOS: AGOSTO A NOVIEMBRE DEL 2010 Y EN OCTUBRE DEL 2012, SALIO POR TERMINO DE CONTRATO.\r\n", "sueldo_inicial": "CONFIDENCIAL", "sueldo_final": "CONFIDENCIAL", "aportaciones_fecha_final": "2015-05-13", "funciones": "", "jefe_inmediato": "***", "aparece_nss": 1, "compania": 59, "puesto_inicial": "AYUDANTE GENERAL", "persona": 1, "carta_laboral": 2, "cumplio_objetivos": "SI", "periodo_alta": "15/10/2012", "puesto_final": "OPERADOR DE MONTACARGAS", "periodo_baja": "23/10/2012", "aportaciones_fecha_inicial": "2015-05-03", "carta_laboral_expide": "***", "motivo_salida": "1", "manejo_valores": 2, "reporta_candidato": 1, "no_personas_cargo": "***", "afiliado_sindicato": 2, "visible_en_status": true, "jefe_inmediato_puesto": "***", "recontratable": "SI ES RECONTRATABLE", "terminada": true}}, {"pk": 5, "model": "persona.trayectorialaboral", "fields": {"status": true, "observaciones_generales": "ABANDONO DE TRABAJO, POSTERIOR REGRESO A FIRMAR RENUNCIA", "sueldo_inicial": "CONFIDENCIAL", "sueldo_final": "CONFIDENCIAL", "aportaciones_fecha_final": null, "funciones": "SURTIR MATERIAL", "jefe_inmediato": "***", "aparece_nss": 0, "compania": 60, "puesto_inicial": "ALMACENISTA", "persona": 1, "carta_laboral": 0, "cumplio_objetivos": "", "periodo_alta": "29/01/2009", "puesto_final": "ALMACENISTA", "periodo_baja": "29/05/2009", "aportaciones_fecha_inicial": null, "carta_laboral_expide": "", "motivo_salida": "2", "manejo_valores": 2, "reporta_candidato": 0, "no_personas_cargo": "0", "afiliado_sindicato": 2, "visible_en_status": true, "jefe_inmediato_puesto": "***", "recontratable": "NO, POR POLITICAS", "terminada": true}}, {"pk": 6, "model": "persona.trayectorialaboral", "fields": {"status": true, "observaciones_generales": "LA EMPRESA CERRO OPERACIONES NO HAY FORMA DE OBTENER INFORMACION", "sueldo_inicial": "", "sueldo_final": "", "aportaciones_fecha_final": null, "funciones": "", "jefe_inmediato": "", "aparece_nss": 0, "compania": 61, "puesto_inicial": "", "persona": 1, "carta_laboral": 0, "cumplio_objetivos": "", "periodo_alta": "", "puesto_final": "", "periodo_baja": "", "aportaciones_fecha_inicial": null, "carta_laboral_expide": "", "motivo_salida": null, "manejo_valores": 0, "reporta_candidato": 0, "no_personas_cargo": "", "afiliado_sindicato": 0, "visible_en_status": true, "jefe_inmediato_puesto": "", "recontratable": "", "terminada": true}}, {"pk": 7, "model": "persona.trayectorialaboral", "fields": {"status": true, "observaciones_generales": "ddd\r\nd\r\nd", "sueldo_inicial": "", "sueldo_final": "", "aportaciones_fecha_final": null, "funciones": "", "jefe_inmediato": "", "aparece_nss": 0, "compania": 62, "puesto_inicial": "", "persona": 2, "carta_laboral": 0, "cumplio_objetivos": "", "periodo_alta": "", "puesto_final": "", "periodo_baja": "", "aportaciones_fecha_inicial": null, "carta_laboral_expide": "", "motivo_salida": null, "manejo_valores": 0, "reporta_candidato": 0, "no_personas_cargo": "", "afiliado_sindicato": 0, "visible_en_status": true, "jefe_inmediato_puesto": "", "recontratable": "", "terminada": true}}, {"pk": 8, "model": "persona.trayectorialaboral", "fields": {"status": true, "observaciones_generales": "sin referencias", "sueldo_inicial": "", "sueldo_final": "", "aportaciones_fecha_final": null, "funciones": "", "jefe_inmediato": "", "aparece_nss": 1, "compania": 63, "puesto_inicial": "", "persona": 2, "carta_laboral": 1, "cumplio_objetivos": "", "periodo_alta": "", "puesto_final": "", "periodo_baja": "", "aportaciones_fecha_inicial": null, "carta_laboral_expide": "rh", "motivo_salida": null, "manejo_valores": 0, "reporta_candidato": 1, "no_personas_cargo": "", "afiliado_sindicato": 0, "visible_en_status": true, "jefe_inmediato_puesto": "", "recontratable": "", "terminada": false}}, {"pk": 9, "model": "persona.trayectorialaboral", "fields": {"status": true, "observaciones_generales": "", "sueldo_inicial": "", "sueldo_final": "", "aportaciones_fecha_final": null, "funciones": "", "jefe_inmediato": "", "aparece_nss": 0, "compania": 64, "puesto_inicial": "", "persona": 1, "carta_laboral": 0, "cumplio_objetivos": "", "periodo_alta": "", "puesto_final": "", "periodo_baja": "", "aportaciones_fecha_inicial": null, "carta_laboral_expide": "", "motivo_salida": null, "manejo_valores": 0, "reporta_candidato": 0, "no_personas_cargo": "", "afiliado_sindicato": 0, "visible_en_status": true, "jefe_inmediato_puesto": "", "recontratable": "", "terminada": true}}, {"pk": 10, "model": "persona.trayectorialaboral", "fields": {"status": false, "observaciones_generales": "", "sueldo_inicial": "", "sueldo_final": "", "aportaciones_fecha_final": null, "funciones": "A D\r\nD \r\n", "jefe_inmediato": "", "aparece_nss": 0, "compania": 54, "puesto_inicial": "", "persona": 3, "carta_laboral": 0, "cumplio_objetivos": "", "periodo_alta": "", "puesto_final": "", "periodo_baja": "", "aportaciones_fecha_inicial": null, "carta_laboral_expide": "", "motivo_salida": null, "manejo_valores": 0, "reporta_candidato": 0, "no_personas_cargo": "", "afiliado_sindicato": 0, "visible_en_status": true, "jefe_inmediato_puesto": "", "recontratable": "", "terminada": false}}, {"pk": 11, "model": "persona.trayectorialaboral", "fields": {"status": true, "observaciones_generales": null, "sueldo_inicial": null, "sueldo_final": null, "aportaciones_fecha_final": null, "funciones": null, "jefe_inmediato": null, "aparece_nss": 0, "compania": 59, "puesto_inicial": null, "persona": 6, "carta_laboral": 0, "cumplio_objetivos": null, "periodo_alta": null, "puesto_final": null, "periodo_baja": null, "aportaciones_fecha_inicial": null, "carta_laboral_expide": null, "motivo_salida": null, "manejo_valores": 0, "reporta_candidato": 0, "no_personas_cargo": null, "afiliado_sindicato": 0, "visible_en_status": true, "jefe_inmediato_puesto": null, "recontratable": null, "terminada": false}}, {"pk": 12, "model": "persona.trayectorialaboral", "fields": {"status": true, "observaciones_generales": null, "sueldo_inicial": null, "sueldo_final": null, "aportaciones_fecha_final": null, "funciones": null, "jefe_inmediato": null, "aparece_nss": 0, "compania": 55, "puesto_inicial": null, "persona": 6, "carta_laboral": 0, "cumplio_objetivos": null, "periodo_alta": null, "puesto_final": null, "periodo_baja": null, "aportaciones_fecha_inicial": null, "carta_laboral_expide": null, "motivo_salida": null, "manejo_valores": 0, "reporta_candidato": 0, "no_personas_cargo": null, "afiliado_sindicato": 0, "visible_en_status": true, "jefe_inmediato_puesto": null, "recontratable": null, "terminada": false}}, {"pk": 13, "model": "persona.trayectorialaboral", "fields": {"status": true, "observaciones_generales": "", "sueldo_inicial": "", "sueldo_final": "", "aportaciones_fecha_final": null, "funciones": "", "jefe_inmediato": "", "aparece_nss": 0, "compania": 54, "puesto_inicial": "", "persona": 9, "carta_laboral": 0, "cumplio_objetivos": "", "periodo_alta": "", "puesto_final": "", "periodo_baja": "", "aportaciones_fecha_inicial": null, "carta_laboral_expide": "", "motivo_salida": null, "manejo_valores": 0, "reporta_candidato": 0, "no_personas_cargo": "", "afiliado_sindicato": 0, "visible_en_status": true, "jefe_inmediato_puesto": "", "recontratable": "", "terminada": false}}, {"pk": 14, "model": "persona.trayectorialaboral", "fields": {"status": true, "observaciones_generales": null, "sueldo_inicial": null, "sueldo_final": null, "aportaciones_fecha_final": null, "funciones": null, "jefe_inmediato": null, "aparece_nss": 0, "compania": 54, "puesto_inicial": null, "persona": 11, "carta_laboral": 0, "cumplio_objetivos": null, "periodo_alta": null, "puesto_final": null, "periodo_baja": null, "aportaciones_fecha_inicial": null, "carta_laboral_expide": null, "motivo_salida": null, "manejo_valores": 0, "reporta_candidato": 0, "no_personas_cargo": null, "afiliado_sindicato": 0, "visible_en_status": true, "jefe_inmediato_puesto": null, "recontratable": null, "terminada": false}}, {"pk": 15, "model": "persona.trayectorialaboral", "fields": {"status": true, "observaciones_generales": null, "sueldo_inicial": null, "sueldo_final": null, "aportaciones_fecha_final": null, "funciones": null, "jefe_inmediato": null, "aparece_nss": 0, "compania": 53, "puesto_inicial": null, "persona": 14, "carta_laboral": 0, "cumplio_objetivos": null, "periodo_alta": null, "puesto_final": null, "periodo_baja": null, "aportaciones_fecha_inicial": null, "carta_laboral_expide": null, "motivo_salida": null, "manejo_valores": 0, "reporta_candidato": 0, "no_personas_cargo": null, "afiliado_sindicato": 0, "visible_en_status": true, "jefe_inmediato_puesto": null, "recontratable": null, "terminada": false}}, {"pk": 16, "model": "persona.trayectorialaboral", "fields": {"status": false, "observaciones_generales": null, "sueldo_inicial": null, "sueldo_final": null, "aportaciones_fecha_final": null, "funciones": null, "jefe_inmediato": null, "aparece_nss": 0, "compania": 65, "puesto_inicial": null, "persona": 14, "carta_laboral": 0, "cumplio_objetivos": null, "periodo_alta": null, "puesto_final": null, "periodo_baja": null, "aportaciones_fecha_inicial": null, "carta_laboral_expide": null, "motivo_salida": null, "manejo_valores": 0, "reporta_candidato": 0, "no_personas_cargo": null, "afiliado_sindicato": 0, "visible_en_status": true, "jefe_inmediato_puesto": null, "recontratable": null, "terminada": false}}, {"pk": 17, "model": "persona.trayectorialaboral", "fields": {"status": true, "observaciones_generales": "", "sueldo_inicial": "", "sueldo_final": "", "aportaciones_fecha_final": null, "funciones": "", "jefe_inmediato": "", "aparece_nss": 0, "compania": 53, "puesto_inicial": "", "persona": 13, "carta_laboral": 0, "cumplio_objetivos": "", "periodo_alta": "", "puesto_final": "", "periodo_baja": "", "aportaciones_fecha_inicial": null, "carta_laboral_expide": "", "motivo_salida": null, "manejo_valores": 0, "reporta_candidato": 0, "no_personas_cargo": "", "afiliado_sindicato": 0, "visible_en_status": true, "jefe_inmediato_puesto": "", "recontratable": "", "terminada": true}}, {"pk": 18, "model": "persona.trayectorialaboral", "fields": {"status": true, "observaciones_generales": null, "sueldo_inicial": null, "sueldo_final": null, "aportaciones_fecha_final": null, "funciones": null, "jefe_inmediato": null, "aparece_nss": 0, "compania": 54, "puesto_inicial": null, "persona": 12, "carta_laboral": 0, "cumplio_objetivos": null, "periodo_alta": null, "puesto_final": null, "periodo_baja": null, "aportaciones_fecha_inicial": null, "carta_laboral_expide": null, "motivo_salida": null, "manejo_valores": 0, "reporta_candidato": 0, "no_personas_cargo": null, "afiliado_sindicato": 0, "visible_en_status": true, "jefe_inmediato_puesto": null, "recontratable": null, "terminada": false}}, {"pk": 19, "model": "persona.trayectorialaboral", "fields": {"status": true, "observaciones_generales": null, "sueldo_inicial": null, "sueldo_final": null, "aportaciones_fecha_final": null, "funciones": null, "jefe_inmediato": null, "aparece_nss": 0, "compania": 55, "puesto_inicial": null, "persona": 10, "carta_laboral": 0, "cumplio_objetivos": null, "periodo_alta": null, "puesto_final": null, "periodo_baja": null, "aportaciones_fecha_inicial": null, "carta_laboral_expide": null, "motivo_salida": null, "manejo_valores": 0, "reporta_candidato": 0, "no_personas_cargo": null, "afiliado_sindicato": 0, "visible_en_status": true, "jefe_inmediato_puesto": null, "recontratable": null, "terminada": false}}, {"pk": 20, "model": "persona.trayectorialaboral", "fields": {"status": true, "observaciones_generales": "", "sueldo_inicial": "", "sueldo_final": "", "aportaciones_fecha_final": null, "funciones": "", "jefe_inmediato": "", "aparece_nss": 0, "compania": 53, "puesto_inicial": "", "persona": 10, "carta_laboral": 0, "cumplio_objetivos": "", "periodo_alta": "", "puesto_final": "", "periodo_baja": "", "aportaciones_fecha_inicial": null, "carta_laboral_expide": "", "motivo_salida": null, "manejo_valores": 0, "reporta_candidato": 0, "no_personas_cargo": "", "afiliado_sindicato": 0, "visible_en_status": true, "jefe_inmediato_puesto": "", "recontratable": "", "terminada": false}}, {"pk": 21, "model": "persona.trayectorialaboral", "fields": {"status": true, "observaciones_generales": null, "sueldo_inicial": null, "sueldo_final": null, "aportaciones_fecha_final": null, "funciones": null, "jefe_inmediato": null, "aparece_nss": 0, "compania": 54, "puesto_inicial": null, "persona": 15, "carta_laboral": 0, "cumplio_objetivos": null, "periodo_alta": null, "puesto_final": null, "periodo_baja": null, "aportaciones_fecha_inicial": null, "carta_laboral_expide": null, "motivo_salida": null, "manejo_valores": 0, "reporta_candidato": 0, "no_personas_cargo": null, "afiliado_sindicato": 0, "visible_en_status": true, "jefe_inmediato_puesto": null, "recontratable": null, "terminada": false}}, {"pk": 22, "model": "persona.trayectorialaboral", "fields": {"status": true, "observaciones_generales": "", "sueldo_inicial": "", "sueldo_final": "", "aportaciones_fecha_final": null, "funciones": "", "jefe_inmediato": "", "aparece_nss": 0, "compania": 54, "puesto_inicial": "", "persona": 3, "carta_laboral": 0, "cumplio_objetivos": "", "periodo_alta": "", "puesto_final": "", "periodo_baja": "", "aportaciones_fecha_inicial": null, "carta_laboral_expide": "", "motivo_salida": "0", "manejo_valores": 0, "reporta_candidato": 0, "no_personas_cargo": "", "afiliado_sindicato": 0, "visible_en_status": true, "jefe_inmediato_puesto": "", "recontratable": "", "terminada": false}}, {"pk": 23, "model": "persona.trayectorialaboral", "fields": {"status": true, "observaciones_generales": null, "sueldo_inicial": null, "sueldo_final": null, "aportaciones_fecha_final": null, "funciones": null, "jefe_inmediato": null, "aparece_nss": 0, "compania": 54, "puesto_inicial": null, "persona": 16, "carta_laboral": 0, "cumplio_objetivos": null, "periodo_alta": null, "puesto_final": null, "periodo_baja": null, "aportaciones_fecha_inicial": null, "carta_laboral_expide": null, "motivo_salida": null, "manejo_valores": 0, "reporta_candidato": 0, "no_personas_cargo": null, "afiliado_sindicato": 0, "visible_en_status": true, "jefe_inmediato_puesto": null, "recontratable": null, "terminada": false}}, {"pk": 24, "model": "persona.trayectorialaboral", "fields": {"status": false, "observaciones_generales": "", "sueldo_inicial": "", "sueldo_final": "", "aportaciones_fecha_final": null, "funciones": "", "jefe_inmediato": "***", "aparece_nss": 1, "compania": 66, "puesto_inicial": "", "persona": 22, "carta_laboral": 1, "cumplio_objetivos": "", "periodo_alta": "", "puesto_final": "", "periodo_baja": "", "aportaciones_fecha_inicial": null, "carta_laboral_expide": "", "motivo_salida": "0", "manejo_valores": 2, "reporta_candidato": 1, "no_personas_cargo": "15", "afiliado_sindicato": 2, "visible_en_status": true, "jefe_inmediato_puesto": "***", "recontratable": "NO, POR POLITICAS", "terminada": false}}, {"pk": 25, "model": "persona.trayectorialaboral", "fields": {"status": false, "observaciones_generales": null, "sueldo_inicial": null, "sueldo_final": null, "aportaciones_fecha_final": null, "funciones": null, "jefe_inmediato": null, "aparece_nss": 0, "compania": 67, "puesto_inicial": null, "persona": 22, "carta_laboral": 0, "cumplio_objetivos": null, "periodo_alta": null, "puesto_final": null, "periodo_baja": null, "aportaciones_fecha_inicial": null, "carta_laboral_expide": null, "motivo_salida": null, "manejo_valores": 0, "reporta_candidato": 0, "no_personas_cargo": null, "afiliado_sindicato": 0, "visible_en_status": true, "jefe_inmediato_puesto": null, "recontratable": null, "terminada": false}}, {"pk": 26, "model": "persona.trayectorialaboral", "fields": {"status": false, "observaciones_generales": "", "sueldo_inicial": "", "sueldo_final": "", "aportaciones_fecha_final": null, "funciones": "", "jefe_inmediato": "", "aparece_nss": 1, "compania": 67, "puesto_inicial": "", "persona": 22, "carta_laboral": 1, "cumplio_objetivos": "", "periodo_alta": "", "puesto_final": "", "periodo_baja": "", "aportaciones_fecha_inicial": null, "carta_laboral_expide": "", "motivo_salida": null, "manejo_valores": 0, "reporta_candidato": 1, "no_personas_cargo": "", "afiliado_sindicato": 0, "visible_en_status": true, "jefe_inmediato_puesto": "", "recontratable": "", "terminada": false}}, {"pk": 27, "model": "persona.trayectorialaboral", "fields": {"status": true, "observaciones_generales": "", "sueldo_inicial": "***", "sueldo_final": "***", "aportaciones_fecha_final": null, "funciones": "***", "jefe_inmediato": "***", "aparece_nss": 1, "compania": 67, "puesto_inicial": "***", "persona": 22, "carta_laboral": 1, "cumplio_objetivos": "***", "periodo_alta": "07/07/2015", "puesto_final": "***", "periodo_baja": "24/07/2015", "aportaciones_fecha_inicial": null, "carta_laboral_expide": "", "motivo_salida": "1", "manejo_valores": 1, "reporta_candidato": 1, "no_personas_cargo": "8", "afiliado_sindicato": 1, "visible_en_status": true, "jefe_inmediato_puesto": "***", "recontratable": "NO, POR POLITICAS", "terminada": false}}, {"pk": 28, "model": "persona.trayectorialaboral", "fields": {"status": true, "observaciones_generales": "", "sueldo_inicial": "CONFIDENCIAL", "sueldo_final": "CONFIDENCIAL", "aportaciones_fecha_final": "2015-07-30", "funciones": "VENTAS AL DETALLE", "jefe_inmediato": "***", "aparece_nss": 1, "compania": 66, "puesto_inicial": "VENTAS", "persona": 22, "carta_laboral": 1, "cumplio_objetivos": "SI", "periodo_alta": "01/07/2015", "puesto_final": "VENTAS", "periodo_baja": "17/07/2015", "aportaciones_fecha_inicial": "2015-07-07", "carta_laboral_expide": "RECURSOS HUMANOS", "motivo_salida": "1", "manejo_valores": 1, "reporta_candidato": 1, "no_personas_cargo": "***", "afiliado_sindicato": 2, "visible_en_status": true, "jefe_inmediato_puesto": "***", "recontratable": "NO, POR POLITICAS", "terminada": false}}, {"pk": 29, "model": "persona.trayectorialaboral", "fields": {"status": true, "observaciones_generales": "La empresa cerro operaciones por auditoria", "sueldo_inicial": "$1,100.00", "sueldo_final": "$2,000.00", "aportaciones_fecha_final": "2015-07-20", "funciones": "Encargado de personal", "jefe_inmediato": "Ruben Quezada", "aparece_nss": 1, "compania": 70, "puesto_inicial": "Aux. de Recursos humanos", "persona": 23, "carta_laboral": 2, "cumplio_objetivos": "Si Cumplio", "periodo_alta": "10/02/2010", "puesto_final": "Administrador general", "periodo_baja": "01/07/2012", "aportaciones_fecha_inicial": "2015-07-14", "carta_laboral_expide": "***", "motivo_salida": "0", "manejo_valores": 1, "reporta_candidato": 1, "no_personas_cargo": "35", "afiliado_sindicato": 2, "visible_en_status": true, "jefe_inmediato_puesto": "Due\u00f1o", "recontratable": "Si", "terminada": true}}, {"pk": 30, "model": "persona.trayectorialaboral", "fields": {"status": true, "observaciones_generales": "EL CANDIDATO TIENE CARTE AUTENTICA POR RH\r\nSU DESEMPE\u00d1O FUE BUENO.", "sueldo_inicial": "$2,000.00", "sueldo_final": "$2,000.00", "aportaciones_fecha_final": "2015-07-05", "funciones": "SEGUIMIENTO A COBRANZA Y SUPERVISAR REGISTOS", "jefe_inmediato": "ALEJANDRO MARTINEZ", "aparece_nss": 1, "compania": 71, "puesto_inicial": "ENCARGADO DE CREDITO Y COBRANZA", "persona": 23, "carta_laboral": 1, "cumplio_objetivos": "", "periodo_alta": "01/07/2015", "puesto_final": "ENCARGADO DE CREDITO Y COBRANZA", "periodo_baja": "05/07/2015", "aportaciones_fecha_inicial": "2015-07-01", "carta_laboral_expide": "RECURSOS HUMANOS", "motivo_salida": "0", "manejo_valores": 1, "reporta_candidato": 1, "no_personas_cargo": "2", "afiliado_sindicato": 2, "visible_en_status": true, "jefe_inmediato_puesto": "REGIONAL DE CREDITO Y COBRANZA", "recontratable": "NO, POR POLITICAS", "terminada": true}}, {"pk": 31, "model": "persona.trayectorialaboral", "fields": {"status": true, "observaciones_generales": "EMPRESA CERRADA DESDE 2010", "sueldo_inicial": "", "sueldo_final": "", "aportaciones_fecha_final": null, "funciones": "", "jefe_inmediato": "", "aparece_nss": 0, "compania": 72, "puesto_inicial": "", "persona": 23, "carta_laboral": 0, "cumplio_objetivos": "", "periodo_alta": "", "puesto_final": "", "periodo_baja": "", "aportaciones_fecha_inicial": null, "carta_laboral_expide": "", "motivo_salida": null, "manejo_valores": 0, "reporta_candidato": 0, "no_personas_cargo": "", "afiliado_sindicato": 0, "visible_en_status": true, "jefe_inmediato_puesto": "", "recontratable": "", "terminada": true}}, {"pk": 32, "model": "persona.trayectorialaboral", "fields": {"status": true, "observaciones_generales": "NO CONTAMOS CON DATOS FIABLES PARA VALIDAR.", "sueldo_inicial": "", "sueldo_final": "", "aportaciones_fecha_final": null, "funciones": "", "jefe_inmediato": "", "aparece_nss": 0, "compania": 73, "puesto_inicial": "", "persona": 23, "carta_laboral": 0, "cumplio_objetivos": "", "periodo_alta": "", "puesto_final": "", "periodo_baja": "", "aportaciones_fecha_inicial": null, "carta_laboral_expide": "", "motivo_salida": null, "manejo_valores": 0, "reporta_candidato": 0, "no_personas_cargo": "", "afiliado_sindicato": 0, "visible_en_status": true, "jefe_inmediato_puesto": "", "recontratable": "", "terminada": true}}, {"pk": 1, "model": "persona.legalidad", "fields": {"antecedentes_penales": 1, "persona": 1, "afiliado_sindicato": 1, "sindicato": "56", "demandas": 1}}, {"pk": 2, "model": "persona.legalidad", "fields": {"antecedentes_penales": 2, "persona": 2, "afiliado_sindicato": 2, "sindicato": "***", "demandas": 2}}, {"pk": 3, "model": "persona.legalidad", "fields": {"antecedentes_penales": 0, "persona": 3, "afiliado_sindicato": 0, "sindicato": "", "demandas": 0}}, {"pk": 4, "model": "persona.legalidad", "fields": {"antecedentes_penales": 0, "persona": 4, "afiliado_sindicato": 0, "sindicato": "", "demandas": 0}}, {"pk": 5, "model": "persona.legalidad", "fields": {"antecedentes_penales": 0, "persona": 5, "afiliado_sindicato": 0, "sindicato": "", "demandas": 0}}, {"pk": 6, "model": "persona.legalidad", "fields": {"antecedentes_penales": 0, "persona": 6, "afiliado_sindicato": 0, "sindicato": "", "demandas": 0}}, {"pk": 7, "model": "persona.legalidad", "fields": {"antecedentes_penales": 0, "persona": 7, "afiliado_sindicato": 0, "sindicato": "", "demandas": 0}}, {"pk": 8, "model": "persona.legalidad", "fields": {"antecedentes_penales": 0, "persona": 8, "afiliado_sindicato": 0, "sindicato": "", "demandas": 0}}, {"pk": 9, "model": "persona.legalidad", "fields": {"antecedentes_penales": 0, "persona": 9, "afiliado_sindicato": 0, "sindicato": "", "demandas": 0}}, {"pk": 10, "model": "persona.legalidad", "fields": {"antecedentes_penales": 0, "persona": 10, "afiliado_sindicato": 0, "sindicato": "", "demandas": 0}}, {"pk": 11, "model": "persona.legalidad", "fields": {"antecedentes_penales": 0, "persona": 11, "afiliado_sindicato": 0, "sindicato": "", "demandas": 0}}, {"pk": 12, "model": "persona.legalidad", "fields": {"antecedentes_penales": 0, "persona": 12, "afiliado_sindicato": 0, "sindicato": "", "demandas": 0}}, {"pk": 13, "model": "persona.legalidad", "fields": {"antecedentes_penales": 0, "persona": 13, "afiliado_sindicato": 0, "sindicato": "", "demandas": 0}}, {"pk": 14, "model": "persona.legalidad", "fields": {"antecedentes_penales": 0, "persona": 14, "afiliado_sindicato": 0, "sindicato": "", "demandas": 0}}, {"pk": 15, "model": "persona.legalidad", "fields": {"antecedentes_penales": 0, "persona": 15, "afiliado_sindicato": 0, "sindicato": "", "demandas": 0}}, {"pk": 16, "model": "persona.legalidad", "fields": {"antecedentes_penales": 0, "persona": 16, "afiliado_sindicato": 0, "sindicato": "", "demandas": 0}}, {"pk": 17, "model": "persona.legalidad", "fields": {"antecedentes_penales": 0, "persona": 17, "afiliado_sindicato": 0, "sindicato": "", "demandas": 0}}, {"pk": 18, "model": "persona.legalidad", "fields": {"antecedentes_penales": 0, "persona": 18, "afiliado_sindicato": 0, "sindicato": "", "demandas": 0}}, {"pk": 19, "model": "persona.legalidad", "fields": {"antecedentes_penales": 0, "persona": 19, "afiliado_sindicato": 0, "sindicato": "", "demandas": 0}}, {"pk": 20, "model": "persona.legalidad", "fields": {"antecedentes_penales": 0, "persona": 20, "afiliado_sindicato": 0, "sindicato": "", "demandas": 0}}, {"pk": 21, "model": "persona.legalidad", "fields": {"antecedentes_penales": 0, "persona": 21, "afiliado_sindicato": 0, "sindicato": "", "demandas": 0}}, {"pk": 22, "model": "persona.legalidad", "fields": {"antecedentes_penales": 0, "persona": 22, "afiliado_sindicato": 0, "sindicato": "", "demandas": 0}}, {"pk": 23, "model": "persona.legalidad", "fields": {"antecedentes_penales": 2, "persona": 23, "afiliado_sindicato": 2, "sindicato": "***", "demandas": 2}}, {"pk": 24, "model": "persona.legalidad", "fields": {"antecedentes_penales": 0, "persona": 24, "afiliado_sindicato": 0, "sindicato": "", "demandas": 0}}, {"pk": 25, "model": "persona.legalidad", "fields": {"antecedentes_penales": 0, "persona": 25, "afiliado_sindicato": 0, "sindicato": "", "demandas": 0}}, {"pk": 1, "model": "persona.seguro", "fields": {"registro_completo": 1, "verificado_enburo": 1, "persona": 1, "ultimas_aportaciones": 1}}, {"pk": 2, "model": "persona.seguro", "fields": {"registro_completo": 1, "verificado_enburo": 1, "persona": 2, "ultimas_aportaciones": 1}}, {"pk": 3, "model": "persona.seguro", "fields": {"registro_completo": 0, "verificado_enburo": 0, "persona": 3, "ultimas_aportaciones": 0}}, {"pk": 4, "model": "persona.seguro", "fields": {"registro_completo": 0, "verificado_enburo": 0, "persona": 4, "ultimas_aportaciones": 0}}, {"pk": 5, "model": "persona.seguro", "fields": {"registro_completo": 0, "verificado_enburo": 0, "persona": 5, "ultimas_aportaciones": 0}}, {"pk": 6, "model": "persona.seguro", "fields": {"registro_completo": 0, "verificado_enburo": 0, "persona": 6, "ultimas_aportaciones": 0}}, {"pk": 7, "model": "persona.seguro", "fields": {"registro_completo": 0, "verificado_enburo": 0, "persona": 7, "ultimas_aportaciones": 0}}, {"pk": 8, "model": "persona.seguro", "fields": {"registro_completo": 0, "verificado_enburo": 0, "persona": 8, "ultimas_aportaciones": 0}}, {"pk": 9, "model": "persona.seguro", "fields": {"registro_completo": 0, "verificado_enburo": 0, "persona": 9, "ultimas_aportaciones": 0}}, {"pk": 10, "model": "persona.seguro", "fields": {"registro_completo": 0, "verificado_enburo": 0, "persona": 10, "ultimas_aportaciones": 0}}, {"pk": 11, "model": "persona.seguro", "fields": {"registro_completo": 0, "verificado_enburo": 0, "persona": 11, "ultimas_aportaciones": 0}}, {"pk": 12, "model": "persona.seguro", "fields": {"registro_completo": 0, "verificado_enburo": 0, "persona": 12, "ultimas_aportaciones": 0}}, {"pk": 13, "model": "persona.seguro", "fields": {"registro_completo": 0, "verificado_enburo": 0, "persona": 13, "ultimas_aportaciones": 0}}, {"pk": 14, "model": "persona.seguro", "fields": {"registro_completo": 0, "verificado_enburo": 0, "persona": 14, "ultimas_aportaciones": 0}}, {"pk": 15, "model": "persona.seguro", "fields": {"registro_completo": 0, "verificado_enburo": 0, "persona": 15, "ultimas_aportaciones": 0}}, {"pk": 16, "model": "persona.seguro", "fields": {"registro_completo": 0, "verificado_enburo": 0, "persona": 16, "ultimas_aportaciones": 0}}, {"pk": 17, "model": "persona.seguro", "fields": {"registro_completo": 0, "verificado_enburo": 0, "persona": 17, "ultimas_aportaciones": 0}}, {"pk": 18, "model": "persona.seguro", "fields": {"registro_completo": 0, "verificado_enburo": 0, "persona": 18, "ultimas_aportaciones": 0}}, {"pk": 19, "model": "persona.seguro", "fields": {"registro_completo": 0, "verificado_enburo": 0, "persona": 19, "ultimas_aportaciones": 0}}, {"pk": 20, "model": "persona.seguro", "fields": {"registro_completo": 0, "verificado_enburo": 0, "persona": 20, "ultimas_aportaciones": 0}}, {"pk": 21, "model": "persona.seguro", "fields": {"registro_completo": 0, "verificado_enburo": 0, "persona": 21, "ultimas_aportaciones": 0}}, {"pk": 22, "model": "persona.seguro", "fields": {"registro_completo": 0, "verificado_enburo": 0, "persona": 22, "ultimas_aportaciones": 0}}, {"pk": 23, "model": "persona.seguro", "fields": {"registro_completo": 1, "verificado_enburo": 1, "persona": 23, "ultimas_aportaciones": 1}}, {"pk": 24, "model": "persona.seguro", "fields": {"registro_completo": 0, "verificado_enburo": 0, "persona": 24, "ultimas_aportaciones": 0}}, {"pk": 25, "model": "persona.seguro", "fields": {"registro_completo": 0, "verificado_enburo": 0, "persona": 25, "ultimas_aportaciones": 0}}, {"pk": 1, "model": "persona.evaluacion", "fields": {"solucion_problemas": "2", "motivacion": "2", "relacion_companeros": "2", "responsabilidad": "2", "adaptabilidad": "2", "productividad": "2", "disponibilidad": "2", "toma_decisiones": "2", "relacion_jefe_inmediato": "2", "asistencia": "2", "trayectoriaLaboral": 1, "puntualidad": "2", "honestidad": "2", "compromiso": "2"}}, {"pk": 2, "model": "persona.evaluacion", "fields": {"solucion_problemas": "", "motivacion": "", "relacion_companeros": "", "responsabilidad": "", "adaptabilidad": "", "productividad": "", "disponibilidad": "", "toma_decisiones": "", "relacion_jefe_inmediato": "", "asistencia": "", "trayectoriaLaboral": 2, "puntualidad": "", "honestidad": "", "compromiso": ""}}, {"pk": 3, "model": "persona.evaluacion", "fields": {"solucion_problemas": "2", "motivacion": "2", "relacion_companeros": "2", "responsabilidad": "2", "adaptabilidad": "2", "productividad": "2", "disponibilidad": "2", "toma_decisiones": "2", "relacion_jefe_inmediato": "2", "asistencia": "2", "trayectoriaLaboral": 3, "puntualidad": "2", "honestidad": "2", "compromiso": "2"}}, {"pk": 4, "model": "persona.evaluacion", "fields": {"solucion_problemas": "2", "motivacion": "2", "relacion_companeros": "2", "responsabilidad": "3", "adaptabilidad": "2", "productividad": "2", "disponibilidad": "3", "toma_decisiones": "2", "relacion_jefe_inmediato": "2", "asistencia": "3", "trayectoriaLaboral": 4, "puntualidad": "2", "honestidad": "2", "compromiso": "2"}}, {"pk": 5, "model": "persona.evaluacion", "fields": {"solucion_problemas": "3", "motivacion": "2", "relacion_companeros": "3", "responsabilidad": "2", "adaptabilidad": "2", "productividad": "2", "disponibilidad": "2", "toma_decisiones": "3", "relacion_jefe_inmediato": "3", "asistencia": "4", "trayectoriaLaboral": 5, "puntualidad": "2", "honestidad": "3", "compromiso": "3"}}, {"pk": 6, "model": "persona.evaluacion", "fields": {"solucion_problemas": "", "motivacion": "", "relacion_companeros": "", "responsabilidad": "", "adaptabilidad": "", "productividad": "", "disponibilidad": "", "toma_decisiones": "", "relacion_jefe_inmediato": "", "asistencia": "", "trayectoriaLaboral": 6, "puntualidad": "", "honestidad": "", "compromiso": ""}}, {"pk": 7, "model": "persona.evaluacion", "fields": {"solucion_problemas": "", "motivacion": "", "relacion_companeros": "", "responsabilidad": "", "adaptabilidad": "", "productividad": "", "disponibilidad": "", "toma_decisiones": "", "relacion_jefe_inmediato": "", "asistencia": "", "trayectoriaLaboral": 7, "puntualidad": "", "honestidad": "", "compromiso": ""}}, {"pk": 8, "model": "persona.evaluacion", "fields": {"solucion_problemas": "", "motivacion": "2", "relacion_companeros": "", "responsabilidad": "", "adaptabilidad": "2", "productividad": "2", "disponibilidad": "", "toma_decisiones": "", "relacion_jefe_inmediato": "", "asistencia": "", "trayectoriaLaboral": 8, "puntualidad": "", "honestidad": "", "compromiso": ""}}, {"pk": 9, "model": "persona.evaluacion", "fields": {"solucion_problemas": "", "motivacion": "", "relacion_companeros": "", "responsabilidad": "", "adaptabilidad": "", "productividad": "", "disponibilidad": "", "toma_decisiones": "", "relacion_jefe_inmediato": "", "asistencia": "", "trayectoriaLaboral": 9, "puntualidad": "", "honestidad": "", "compromiso": ""}}, {"pk": 10, "model": "persona.evaluacion", "fields": {"solucion_problemas": "", "motivacion": "", "relacion_companeros": "", "responsabilidad": "", "adaptabilidad": "", "productividad": "", "disponibilidad": "", "toma_decisiones": "", "relacion_jefe_inmediato": "", "asistencia": "", "trayectoriaLaboral": 10, "puntualidad": "", "honestidad": "", "compromiso": ""}}, {"pk": 11, "model": "persona.evaluacion", "fields": {"solucion_problemas": null, "motivacion": null, "relacion_companeros": null, "responsabilidad": null, "adaptabilidad": null, "productividad": null, "disponibilidad": null, "toma_decisiones": null, "relacion_jefe_inmediato": null, "asistencia": null, "trayectoriaLaboral": 11, "puntualidad": null, "honestidad": null, "compromiso": null}}, {"pk": 12, "model": "persona.evaluacion", "fields": {"solucion_problemas": null, "motivacion": null, "relacion_companeros": null, "responsabilidad": null, "adaptabilidad": null, "productividad": null, "disponibilidad": null, "toma_decisiones": null, "relacion_jefe_inmediato": null, "asistencia": null, "trayectoriaLaboral": 12, "puntualidad": null, "honestidad": null, "compromiso": null}}, {"pk": 13, "model": "persona.evaluacion", "fields": {"solucion_problemas": "", "motivacion": "", "relacion_companeros": "", "responsabilidad": "", "adaptabilidad": "", "productividad": "", "disponibilidad": "", "toma_decisiones": "", "relacion_jefe_inmediato": "", "asistencia": "", "trayectoriaLaboral": 13, "puntualidad": "", "honestidad": "", "compromiso": ""}}, {"pk": 14, "model": "persona.evaluacion", "fields": {"solucion_problemas": null, "motivacion": null, "relacion_companeros": null, "responsabilidad": null, "adaptabilidad": null, "productividad": null, "disponibilidad": null, "toma_decisiones": null, "relacion_jefe_inmediato": null, "asistencia": null, "trayectoriaLaboral": 14, "puntualidad": null, "honestidad": null, "compromiso": null}}, {"pk": 15, "model": "persona.evaluacion", "fields": {"solucion_problemas": null, "motivacion": null, "relacion_companeros": null, "responsabilidad": null, "adaptabilidad": null, "productividad": null, "disponibilidad": null, "toma_decisiones": null, "relacion_jefe_inmediato": null, "asistencia": null, "trayectoriaLaboral": 15, "puntualidad": null, "honestidad": null, "compromiso": null}}, {"pk": 16, "model": "persona.evaluacion", "fields": {"solucion_problemas": null, "motivacion": null, "relacion_companeros": null, "responsabilidad": null, "adaptabilidad": null, "productividad": null, "disponibilidad": null, "toma_decisiones": null, "relacion_jefe_inmediato": null, "asistencia": null, "trayectoriaLaboral": 16, "puntualidad": null, "honestidad": null, "compromiso": null}}, {"pk": 17, "model": "persona.evaluacion", "fields": {"solucion_problemas": "", "motivacion": "", "relacion_companeros": "", "responsabilidad": "", "adaptabilidad": "", "productividad": "", "disponibilidad": "", "toma_decisiones": "", "relacion_jefe_inmediato": "", "asistencia": "", "trayectoriaLaboral": 17, "puntualidad": "", "honestidad": "", "compromiso": ""}}, {"pk": 18, "model": "persona.evaluacion", "fields": {"solucion_problemas": null, "motivacion": null, "relacion_companeros": null, "responsabilidad": null, "adaptabilidad": null, "productividad": null, "disponibilidad": null, "toma_decisiones": null, "relacion_jefe_inmediato": null, "asistencia": null, "trayectoriaLaboral": 18, "puntualidad": null, "honestidad": null, "compromiso": null}}, {"pk": 19, "model": "persona.evaluacion", "fields": {"solucion_problemas": null, "motivacion": null, "relacion_companeros": null, "responsabilidad": null, "adaptabilidad": null, "productividad": null, "disponibilidad": null, "toma_decisiones": null, "relacion_jefe_inmediato": null, "asistencia": null, "trayectoriaLaboral": 19, "puntualidad": null, "honestidad": null, "compromiso": null}}, {"pk": 20, "model": "persona.evaluacion", "fields": {"solucion_problemas": "", "motivacion": "", "relacion_companeros": "", "responsabilidad": "", "adaptabilidad": "", "productividad": "", "disponibilidad": "", "toma_decisiones": "", "relacion_jefe_inmediato": "", "asistencia": "", "trayectoriaLaboral": 20, "puntualidad": "", "honestidad": "", "compromiso": ""}}, {"pk": 21, "model": "persona.evaluacion", "fields": {"solucion_problemas": null, "motivacion": null, "relacion_companeros": null, "responsabilidad": null, "adaptabilidad": null, "productividad": null, "disponibilidad": null, "toma_decisiones": null, "relacion_jefe_inmediato": null, "asistencia": null, "trayectoriaLaboral": 21, "puntualidad": null, "honestidad": null, "compromiso": null}}, {"pk": 22, "model": "persona.evaluacion", "fields": {"solucion_problemas": "", "motivacion": "", "relacion_companeros": "", "responsabilidad": "", "adaptabilidad": "", "productividad": "", "disponibilidad": "", "toma_decisiones": "", "relacion_jefe_inmediato": "", "asistencia": "", "trayectoriaLaboral": 22, "puntualidad": "", "honestidad": "", "compromiso": ""}}, {"pk": 23, "model": "persona.evaluacion", "fields": {"solucion_problemas": null, "motivacion": null, "relacion_companeros": null, "responsabilidad": null, "adaptabilidad": null, "productividad": null, "disponibilidad": null, "toma_decisiones": null, "relacion_jefe_inmediato": null, "asistencia": null, "trayectoriaLaboral": 23, "puntualidad": null, "honestidad": null, "compromiso": null}}, {"pk": 24, "model": "persona.evaluacion", "fields": {"solucion_problemas": "2", "motivacion": "2", "relacion_companeros": "2", "responsabilidad": "2", "adaptabilidad": "2", "productividad": "2", "disponibilidad": "2", "toma_decisiones": "2", "relacion_jefe_inmediato": "2", "asistencia": "2", "trayectoriaLaboral": 24, "puntualidad": "2", "honestidad": "2", "compromiso": "2"}}, {"pk": 25, "model": "persona.evaluacion", "fields": {"solucion_problemas": null, "motivacion": null, "relacion_companeros": null, "responsabilidad": null, "adaptabilidad": null, "productividad": null, "disponibilidad": null, "toma_decisiones": null, "relacion_jefe_inmediato": null, "asistencia": null, "trayectoriaLaboral": 25, "puntualidad": null, "honestidad": null, "compromiso": null}}, {"pk": 26, "model": "persona.evaluacion", "fields": {"solucion_problemas": "", "motivacion": "", "relacion_companeros": "", "responsabilidad": "", "adaptabilidad": "", "productividad": "", "disponibilidad": "", "toma_decisiones": "", "relacion_jefe_inmediato": "", "asistencia": "", "trayectoriaLaboral": 26, "puntualidad": "", "honestidad": "", "compromiso": ""}}, {"pk": 27, "model": "persona.evaluacion", "fields": {"solucion_problemas": "2", "motivacion": "2", "relacion_companeros": "2", "responsabilidad": "2", "adaptabilidad": "2", "productividad": "2", "disponibilidad": "2", "toma_decisiones": "2", "relacion_jefe_inmediato": "2", "asistencia": "2", "trayectoriaLaboral": 27, "puntualidad": "2", "honestidad": "2", "compromiso": "2"}}, {"pk": 28, "model": "persona.evaluacion", "fields": {"solucion_problemas": "2", "motivacion": "2", "relacion_companeros": "2", "responsabilidad": "2", "adaptabilidad": "2", "productividad": "2", "disponibilidad": "2", "toma_decisiones": "2", "relacion_jefe_inmediato": "2", "asistencia": "2", "trayectoriaLaboral": 28, "puntualidad": "2", "honestidad": "2", "compromiso": "2"}}, {"pk": 29, "model": "persona.evaluacion", "fields": {"solucion_problemas": "2", "motivacion": "1", "relacion_companeros": "2", "responsabilidad": "1", "adaptabilidad": "1", "productividad": "1", "disponibilidad": "1", "toma_decisiones": "2", "relacion_jefe_inmediato": "2", "asistencia": "1", "trayectoriaLaboral": 29, "puntualidad": "1", "honestidad": "2", "compromiso": "2"}}, {"pk": 30, "model": "persona.evaluacion", "fields": {"solucion_problemas": "3", "motivacion": "3", "relacion_companeros": "3", "responsabilidad": "3", "adaptabilidad": "3", "productividad": "3", "disponibilidad": "3", "toma_decisiones": "3", "relacion_jefe_inmediato": "3", "asistencia": "3", "trayectoriaLaboral": 30, "puntualidad": "3", "honestidad": "3", "compromiso": "3"}}, {"pk": 31, "model": "persona.evaluacion", "fields": {"solucion_problemas": "", "motivacion": "", "relacion_companeros": "", "responsabilidad": "", "adaptabilidad": "", "productividad": "", "disponibilidad": "", "toma_decisiones": "", "relacion_jefe_inmediato": "", "asistencia": "", "trayectoriaLaboral": 31, "puntualidad": "", "honestidad": "", "compromiso": ""}}, {"pk": 32, "model": "persona.evaluacion", "fields": {"solucion_problemas": "", "motivacion": "", "relacion_companeros": "", "responsabilidad": "", "adaptabilidad": "", "productividad": "", "disponibilidad": "", "toma_decisiones": "", "relacion_jefe_inmediato": "", "asistencia": "", "trayectoriaLaboral": 32, "puntualidad": "", "honestidad": "", "compromiso": ""}}, {"pk": 1, "model": "persona.opinion", "fields": {"categoria": "1", "evaluacion": 1, "opinion": "***"}}, {"pk": 2, "model": "persona.opinion", "fields": {"categoria": "2", "evaluacion": 1, "opinion": "EN SISTEMA A PARECE CON CARDEX LIMPIO"}}, {"pk": 3, "model": "persona.opinion", "fields": {"categoria": "1", "evaluacion": 3, "opinion": "***"}}, {"pk": 4, "model": "persona.opinion", "fields": {"categoria": "2", "evaluacion": 3, "opinion": "DURANTE EL PERIODO QUE LABORO CUMPLI\u00d3 CON SUS FUNCIONES Y DEBERES ASIGNADOS"}}, {"pk": 5, "model": "persona.opinion", "fields": {"categoria": "1", "evaluacion": 4, "opinion": "***"}}, {"pk": 6, "model": "persona.opinion", "fields": {"categoria": "2", "evaluacion": 4, "opinion": "LABORO EN DOS PERIODOS DISTINTOS, EL PRIMERO FUE DE AGOSTO A NOVIEMBRE DEL 2010, SALIENDO POR TERMINO DE CONTRATO.\r\nSU SEGUNDO PERIODO EN LA EMPRESA TAMBI\u00c9N SALIO POR TERMINO DE CONTRATO, SU CARDEX NO MUESTRA INCIDENCIA ALGUNA."}}, {"pk": 7, "model": "persona.opinion", "fields": {"categoria": "1", "evaluacion": 5, "opinion": "***"}}, {"pk": 8, "model": "persona.opinion", "fields": {"categoria": "2", "evaluacion": 5, "opinion": "EN SU CARDEX APARECE ABANDONO DE TRABAJO, UN MES DESPU\u00c9S REGRESO A FIRMAR SU RENUNCIA."}}, {"pk": 9, "model": "persona.opinion", "fields": {"categoria": "1", "evaluacion": 10, "opinion": "A B\r\nC D\r\nE F"}}, {"pk": 10, "model": "persona.opinion", "fields": {"categoria": "2", "evaluacion": 10, "opinion": "1 2\r\n3 4\r\n5 6"}}, {"pk": 11, "model": "persona.opinion", "fields": {"categoria": "2", "evaluacion": 7, "opinion": "ddd\r\nd\r\nd"}}, {"pk": 12, "model": "persona.opinion", "fields": {"categoria": "1", "evaluacion": 7, "opinion": "ddd\r\n\r\nd\r\nd"}}, {"pk": 13, "model": "persona.opinion", "fields": {"categoria": "1", "evaluacion": 24, "opinion": "***"}}, {"pk": 14, "model": "persona.opinion", "fields": {"categoria": "2", "evaluacion": 24, "opinion": "FUE UN BUEN EMPLEADO"}}, {"pk": 15, "model": "persona.opinion", "fields": {"categoria": "1", "evaluacion": 26, "opinion": ""}}, {"pk": 16, "model": "persona.opinion", "fields": {"categoria": "2", "evaluacion": 26, "opinion": ""}}, {"pk": 17, "model": "persona.opinion", "fields": {"categoria": "1", "evaluacion": 27, "opinion": "***"}}, {"pk": 18, "model": "persona.opinion", "fields": {"categoria": "2", "evaluacion": 27, "opinion": "***"}}, {"pk": 19, "model": "persona.opinion", "fields": {"categoria": "1", "evaluacion": 28, "opinion": "***"}}, {"pk": 20, "model": "persona.opinion", "fields": {"categoria": "2", "evaluacion": 28, "opinion": "CARDEX LIMPIO"}}, {"pk": 21, "model": "persona.opinion", "fields": {"categoria": "1", "evaluacion": 29, "opinion": "Parrafo super largo que nos permite ver como se corta naturalmente el rengl\u00f3n, si sigo escribiendo posiblemente la redacci\u00f3n va a quedar incompleta si me paso de caract\u00e9res, hay que seguir escribiendo para enfrentar esta consecuencia."}}, {"pk": 22, "model": "persona.opinion", "fields": {"categoria": "2", "evaluacion": 29, "opinion": "sin problemas\r\nok"}}, {"pk": 23, "model": "persona.opinion", "fields": {"categoria": "1", "evaluacion": 30, "opinion": "***"}}, {"pk": 24, "model": "persona.opinion", "fields": {"categoria": "2", "evaluacion": 30, "opinion": "SU CARDES MUESTRA UN REGISTO LIMPIO Y SIN INCIDENTES\r\nFUE UN BUEN COLABORADOR"}}, {"pk": 1, "model": "persona.informante", "fields": {"puesto": "RECURSOS HUMANOS", "evaluacion": 1, "nombre": "ANGELICA LEON"}}, {"pk": 2, "model": "persona.informante", "fields": {"puesto": "***", "evaluacion": 1, "nombre": "***"}}, {"pk": 3, "model": "persona.informante", "fields": {"puesto": "RECURSOS HUMANOS", "evaluacion": 3, "nombre": "LUIS ARMENTE"}}, {"pk": 4, "model": "persona.informante", "fields": {"puesto": "***", "evaluacion": 3, "nombre": "***"}}, {"pk": 5, "model": "persona.informante", "fields": {"puesto": "COORDINADORA DE RH", "evaluacion": 4, "nombre": "VER\u00d3NICA MIRANDA"}}, {"pk": 6, "model": "persona.informante", "fields": {"puesto": "RECURSOS HUMANOS", "evaluacion": 5, "nombre": "FERNANDO SAMPERIO"}}, {"pk": 7, "model": "persona.informante", "fields": {"puesto": "***", "evaluacion": 5, "nombre": "***"}}, {"pk": 8, "model": "persona.informante", "fields": {"puesto": "***", "evaluacion": 4, "nombre": "***"}}, {"pk": 9, "model": "persona.informante", "fields": {"puesto": "ENCARGADO DE RH", "evaluacion": 24, "nombre": "HILDA ROJAS"}}, {"pk": 10, "model": "persona.informante", "fields": {"puesto": "", "evaluacion": 26, "nombre": ""}}, {"pk": 11, "model": "persona.informante", "fields": {"puesto": "****", "evaluacion": 27, "nombre": "**"}}, {"pk": 12, "model": "persona.informante", "fields": {"puesto": "***", "evaluacion": 27, "nombre": "***"}}, {"pk": 13, "model": "persona.informante", "fields": {"puesto": "ENCARGADO DE RH", "evaluacion": 28, "nombre": "RAFAEL HERNANDEZ"}}, {"pk": 14, "model": "persona.informante", "fields": {"puesto": "***", "evaluacion": 28, "nombre": "***"}}, {"pk": 15, "model": "persona.informante", "fields": {"puesto": "Due\u00f1o de Empresa", "evaluacion": 29, "nombre": "Ruben Quezasa"}}, {"pk": 16, "model": "persona.informante", "fields": {"puesto": "***", "evaluacion": 29, "nombre": "***"}}, {"pk": 17, "model": "persona.informante", "fields": {"puesto": "ENCARGADO DE RECURSOS HUMANOS", "evaluacion": 30, "nombre": "RUTH MORALES"}}, {"pk": 18, "model": "persona.informante", "fields": {"puesto": "***", "evaluacion": 30, "nombre": "***"}}]